Price,Adj Close,Close,High,Low,Open,Volume,Ticker,Returns,Log_Returns
Ticker,EURUSD=X,EURUSD=X,EURUSD=X,EURUSD=X,EURUSD=X,EURUSD=X,,,
Date,,,,,,,,,
2022-01-03,1.1373459100723267,1.1373459100723267,1.1375917196273804,1.1285407543182373,1.1373846530914307,0,EURUSD=X,,
2022-01-04,1.1302244663238525,1.1302244663238525,1.1323001384735107,1.1273448467254639,1.1301988363265991,0,EURUSD=X,-0.0062614580888774585,-0.006281143232397632
2022-01-05,1.1283625364303589,1.1283625364303589,1.1345586776733398,1.1277644634246826,1.1285407543182373,0,EURUSD=X,-0.0016473983257058178,-0.0016487567784744634
2022-01-06,1.1313496828079224,1.1313496828079224,1.1330673694610596,1.1285535097122192,1.1312217712402344,0,EURUSD=X,0.002647328567832119,0.0026438305657729066
2022-01-07,1.1296881437301636,1.1296881437301636,1.1359764337539673,1.1290504932403564,1.129586100578308,0,EURUSD=X,-0.0014686344133981732,-0.0014697139139755349
2022-01-10,1.1353960037231445,1.1353960037231445,1.1359764337539673,1.1288337707519531,1.135344386100769,0,EURUSD=X,0.005052597944538828,0.005039876404767347
2022-01-11,1.1330417394638062,1.1330417394638062,1.136899709701538,1.1315544843673706,1.1332728862762451,0,EURUSD=X,-0.002073518183627887,-0.0020756708987675625
2022-01-12,1.1366478204727173,1.1366478204727173,1.1433000564575195,1.1355764865875244,1.1370097398757935,0,EURUSD=X,0.0031826550455393843,0.003177601119399733
2022-01-13,1.144164800643921,1.144164800643921,1.1479079723358154,1.1436413526535034,1.1439814567565918,0,EURUSD=X,0.0066132886860921225,0.006591516828806482
2022-01-14,1.1457115411758423,1.1457115411758423,1.148369312286377,1.1410053968429565,1.14565908908844,0,EURUSD=X,0.0013518511765533425,0.0013509382484209274
2022-01-17,1.1410704851150513,1.1410704851150513,1.143458366394043,1.1393154859542847,1.1412137746810913,0,EURUSD=X,-0.004050806764177239,-0.004059033506041168
2022-01-18,1.1410574913024902,1.1410574913024902,1.1423349380493164,1.1329647302627563,1.141291856765747,0,EURUSD=X,-1.1387388185513103e-05,-1.1387453022310162e-05
2022-01-19,1.1329647302627563,1.1329647302627563,1.1356796026229858,1.1319515705108643,1.1330032348632812,0,EURUSD=X,-0.0070923341737112455,-0.0071176043295396296
2022-01-20,1.1343399286270142,1.1343399286270142,1.136893391609192,1.1330161094665527,1.134352684020996,0,EURUSD=X,0.0012138050969503489,0.0012130690311104274
2022-01-21,1.1313753128051758,1.1313753128051758,1.1361054182052612,1.1302244663238525,1.1315417289733887,0,EURUSD=X,-0.002613516237083058,-0.0026169374328443096
2022-01-24,1.1341469287872314,1.1341469287872314,1.1340954303741455,1.1291396617889404,1.1340954303741455,0,EURUSD=X,0.0024497759060904123,0.002446780096805452
2022-01-25,1.1324130296707153,1.1324130296707153,1.132502794265747,1.1266844272613525,1.132387399673462,0,EURUSD=X,-0.0015288134830733213,-0.0015299833108573517
2022-01-26,1.130454421043396,1.130454421043396,1.1313496828079224,1.1272051334381104,1.130352258682251,0,EURUSD=X,-0.0017295885653036969,-0.0017310860305212211
2022-01-27,1.1243535280227661,1.1243535280227661,1.12447988986969,1.1133501529693604,1.1242270469665527,0,EURUSD=X,-0.005396850069371961,-0.0054114656739098176
2022-01-28,1.1147029399871826,1.1147029399871826,1.1170064210891724,1.1123347282409668,1.1146159172058105,0,EURUSD=X,-0.00858323276003281,-0.008620280849588057
2022-01-31,1.1152374744415283,1.1152374744415283,1.121692419052124,1.114504098892212,1.115138053894043,0,EURUSD=X,0.0004795308554150779,0.00047941591723723085
2022-02-01,1.12296462059021,1.12296462059021,1.1279042959213257,1.1222084760665894,1.12291419506073,0,EURUSD=X,0.006928700232702534,0.006904807091364752
2022-02-02,1.1273956298828125,1.1273956298828125,1.132939100265503,1.126697063446045,1.1273066997528076,0,EURUSD=X,0.0039458137962296025,0.003938049490606719
2022-02-03,1.1299946308135986,1.1299946308135986,1.1450687646865845,1.1272051334381104,1.1299946308135986,0,EURUSD=X,0.002305314001488812,0.0023026608419609075
2022-02-04,1.14357590675354,1.14357590675354,1.148369312286377,1.1413440704345703,1.1435105800628662,0,EURUSD=X,0.01201888537307716,0.011947232126998369
2022-02-07,1.145514726638794,1.145514726638794,1.1460003852844238,1.1416698694229126,1.1454622745513916,0,EURUSD=X,0.0016954011306149486,0.0016939655604672347
2022-02-08,1.1442956924438477,1.1442956924438477,1.145081877708435,1.1397050619125366,1.144086241722107,0,EURUSD=X,-0.0010641802908315512,-0.001064746932719005
2022-02-09,1.142126202583313,1.142126202583313,1.1447004079818726,1.1403288841247559,1.1421130895614624,0,EURUSD=X,-0.001895917178453499,-0.0018977167042882913
2022-02-10,1.142152190208435,1.142152190208435,1.1494252681732178,1.1380836963653564,1.142126202583313,0,EURUSD=X,2.2753724643775897e-05,2.2753465781710023e-05
2022-02-11,1.1415525674819946,1.1415525674819946,1.1419005393981934,1.1371259689331055,1.1411746740341187,0,EURUSD=X,-0.0005249937193843035,-0.0005251315768386432
2022-02-14,1.1365057229995728,1.1365057229995728,1.136893391609192,1.1292799711227417,1.1365832090377808,0,EURUSD=X,-0.004421035549465824,-0.004430837226841851
2022-02-15,1.1306334733963013,1.1306334733963013,1.1368803977966309,1.1305822134017944,1.1306078433990479,0,EURUSD=X,-0.005166933596931544,-0.005180328358145332
2022-02-16,1.1356796026229858,1.1356796026229858,1.1393154859542847,1.1345458030700684,1.135563611984253,0,EURUSD=X,0.00446309909039444,0.0044531689986751725
2022-02-17,1.1375269889831543,1.1375269889831543,1.1386927366256714,1.13275945186615,1.1373329162597656,0,EURUSD=X,0.0016266791759769195,0.0016253575664351733
2022-02-18,1.1366478204727173,1.1366478204727173,1.137669324874878,1.131580114364624,1.1363893747329712,0,EURUSD=X,-0.0007728770560625486,-0.000773175879513556
2022-02-21,1.131721019744873,1.131721019744873,1.1385631561279297,1.1314136981964111,1.131733775138855,0,EURUSD=X,-0.004334500659839646,-0.0043439218417605854
2022-02-22,1.1309658288955688,1.1309658288955688,1.1363766193389893,1.1289101839065552,1.1309658288955688,0,EURUSD=X,-0.0006672941795093923,-0.0006675169193645805
2022-02-23,1.13291335105896,1.13291335105896,1.1359764337539673,1.1307356357574463,1.1330546140670776,0,EURUSD=X,0.0017219991211343544,0.0017205181805229717
2022-02-24,1.1305694580078125,1.1305694580078125,1.1305949687957764,1.1110494136810303,1.1305949687957764,0,EURUSD=X,-0.0020689076079442037,-0.002071050753779992
2022-02-25,1.11906898021698,1.11906898021698,1.1266082525253296,1.1168068647384644,1.1190814971923828,0,EURUSD=X,-0.010172287699242832,-0.010224378977160433
2022-02-28,1.118105411529541,1.118105411529541,1.1244546175003052,1.1143178939819336,1.118105411529541,0,EURUSD=X,-0.0008610449440320522,-0.0008614158561598332
2022-03-01,1.1215918064117432,1.1215918064117432,1.1232168674468994,1.1102105379104614,1.1214659214019775,0,EURUSD=X,0.0031181271875186933,0.003113275910922149
2022-03-02,1.1132758855819702,1.1132758855819702,1.1141936779022217,1.1058521270751953,1.1131023168563843,0,EURUSD=X,-0.007414391565838674,-0.0074420147912893815
2022-03-03,1.1112345457077026,1.1112345457077026,1.111605167388916,1.1039842367172241,1.1113580465316772,0,EURUSD=X,-0.0018336334242975427,-0.0018353165879163118
2022-03-04,1.1066844463348389,1.1066844463348389,1.1069294214248657,1.0890042781829834,1.1069294214248657,0,EURUSD=X,-0.00409463455796899,-0.004103040528148159
2022-03-07,1.087453007698059,1.087453007698059,1.0930753946304321,1.0808590650558472,1.087393879890442,0,EURUSD=X,-0.017377526810348876,-0.017530288361510188
2022-03-08,1.0865312814712524,1.0865312814712524,1.0922157764434814,1.0851165056228638,1.08695650100708,0,EURUSD=X,-0.0008476009724390776,-0.0008479603892523628
2022-03-09,1.0898232460021973,1.0898232460021973,1.1091147661209106,1.0897876024246216,1.0900845527648926,0,EURUSD=X,0.003029792687134769,0.0030252121150615412
2022-03-10,1.107382893562317,1.107382893562317,1.1116174459457397,1.0982131958007812,1.1073338985443115,0,EURUSD=X,0.01611238118156666,0.015983954438480188
2022-03-11,1.1013944149017334,1.1013944149017334,1.104191541671753,1.0934697389602661,1.1012123823165894,0,EURUSD=X,-0.005407776023448663,-0.005422450974016716
2022-03-14,1.093206763267517,1.093206763267517,1.0986958742141724,1.0902509689331055,1.0932546854019165,0,EURUSD=X,-0.00743389608975531,-0.007461665202687137
2022-03-15,1.0943193435668945,1.0943193435668945,1.1018311977386475,1.093948245048523,1.094534993171692,0,EURUSD=X,0.0010177217492250978,0.0010172042215486929
2022-03-16,1.0969363451004028,1.0969363451004028,1.1038745641708374,1.0955781936645508,1.0967316627502441,0,EURUSD=X,0.002391442268559585,0.002388587321219563
2022-03-17,1.1021955013275146,1.1021955013275146,1.1110494136810303,1.1021226644515991,1.102244257926941,0,EURUSD=X,0.004794404206408531,0.004782947654196474
2022-03-18,1.1099518537521362,1.1099518537521362,1.1117905378341675,1.1005337238311768,1.1098902225494385,0,EURUSD=X,0.007037183889137211,0.007012538465957428
2022-03-21,1.1043134927749634,1.1043134927749634,1.1066721677780151,1.1026087999343872,1.1042159795761108,0,EURUSD=X,-0.005079824821331402,-0.00509277099290486
2022-03-22,1.101722002029419,1.101722002029419,1.1045695543289185,1.0961546897888184,1.1016370058059692,0,EURUSD=X,-0.002346698435271688,-0.002349456247391793
2022-03-23,1.1029735803604126,1.1029735803604126,1.1042001247406006,1.096575379371643,1.1030100584030151,0,EURUSD=X,0.0011360200928076658,0.001135375310259787
2022-03-24,1.1006306409835815,1.1006306409835815,1.101333737373352,1.0969964265823364,1.1006306409835815,0,EURUSD=X,-0.0021242026269255865,-0.002126461945392862
2022-03-25,1.1009578704833984,1.1009578704833984,1.1038745641708374,1.0982975959777832,1.100897192955017,0,EURUSD=X,0.00029731091215534633,0.0002972667240242951
2022-03-28,1.098189115524292,1.098189115524292,1.0996744632720947,1.094534993171692,1.098189115524292,0,EURUSD=X,-0.002514860044454559,-0.0025180276167579654
2022-03-29,1.0993843078613281,1.0993843078613281,1.1136353015899658,1.097044587135315,1.0993843078613281,0,EURUSD=X,0.0010883301611175344,0.001087738359192738
2022-03-30,1.1091516017913818,1.1091516017913818,1.1170001029968262,1.108905553817749,1.1091516017913818,0,EURUSD=X,0.008884330857017897,0.008845097393777042
2022-03-31,1.1161835193634033,1.1161835193634033,1.1183055639266968,1.1074001789093018,1.1161835193634033,0,EURUSD=X,0.006339906610299595,0.006319893943473477
2022-04-01,1.1072357892990112,1.1072357892990112,1.1075423955917358,1.1029735803604126,1.1072357892990112,0,EURUSD=X,-0.008016361027705643,-0.00804866480475227
2022-04-04,1.1047282218933105,1.1047282218933105,1.1057054996490479,1.0980926752090454,1.1047282218933105,0,EURUSD=X,-0.0022647094954257874,-0.0022672778283932002
2022-04-05,1.0975863933563232,1.0975863933563232,1.0991426706314087,1.092132329940796,1.0975863933563232,0,EURUSD=X,-0.00646478327922817,-0.00648577049140211
2022-04-06,1.090643286705017,1.090643286705017,1.0937448740005493,1.0875712633132935,1.090643286705017,0,EURUSD=X,-0.006325795120395661,-0.006345887741704586
2022-04-07,1.0898232460021973,1.0898232460021973,1.0935057401657104,1.08672034740448,1.0898232460021973,0,EURUSD=X,-0.0007518871777932867,-0.0007521699867265114
2022-04-08,1.0864840745925903,1.0864840745925903,1.0891940593719482,1.0836936235427856,1.0864840745925903,0,EURUSD=X,-0.0030639568589273525,-0.003068660384801401
2022-04-11,1.0884946584701538,1.0884946584701538,1.0932785272598267,1.0874648094177246,1.0884946584701538,0,EURUSD=X,0.0018505415077689769,0.0018488313653010355
2022-04-12,1.0877959728240967,1.0877959728240967,1.0903936624526978,1.0851871967315674,1.0877959728240967,0,EURUSD=X,-0.000641882475600819,-0.0006420885703541868
2022-04-13,1.0826143026351929,1.0826143026351929,1.0873819589614868,1.0810343027114868,1.0826143026351929,0,EURUSD=X,-0.00476345777917464,-0.004774839201849695
2022-04-14,1.089656949043274,1.089656949043274,1.0922634601593018,1.0758588314056396,1.089656949043274,0,EURUSD=X,0.006505222026846003,0.006484154387127226
2022-04-15,1.0820988416671753,1.0820988416671753,1.0823447704315186,1.0798786878585815,1.0820988416671753,0,EURUSD=X,-0.006936226472684548,-0.006960393910240724
2022-04-18,1.081525444984436,1.081525444984436,1.081583857536316,1.0783647298812866,1.081525444984436,0,EURUSD=X,-0.000529893075068677,-0.0005300335180195361
2022-04-19,1.0781787633895874,1.0781787633895874,1.081209659576416,1.0761945247650146,1.0781787633895874,0,EURUSD=X,-0.0030944085600286275,-0.0030992061418720638
2022-04-20,1.0794472694396973,1.0794472694396973,1.08672034740448,1.0784810781478882,1.0794472694396973,0,EURUSD=X,0.0011765266514078832,0.0011758350863038487
2022-04-21,1.0849870443344116,1.0849870443344116,1.0934697389602661,1.082438588142395,1.0849870443344116,0,EURUSD=X,0.005132047716967181,0.0051189236431801914
2022-04-22,1.0835175514221191,1.0835175514221191,1.0854227542877197,1.077284336090088,1.0835175514221191,0,EURUSD=X,-0.00135438752007766,-0.0013553055318443394
2022-04-25,1.0811045169830322,1.0811045169830322,1.081221342086792,1.0700336694717407,1.0811045169830322,0,EURUSD=X,-0.002227037703191659,-0.00222952123962869
2022-04-26,1.0714209079742432,1.0714209079742432,1.0738831758499146,1.0644639730453491,1.0714209079742432,0,EURUSD=X,-0.00895714415828408,-0.008997500540048975
2022-04-27,1.0643619298934937,1.0643619298934937,1.0656436681747437,1.0516685247421265,1.0643619298934937,0,EURUSD=X,-0.006588426666132574,-0.0066102261513955
2022-04-28,1.0555092096328735,1.0555092096328735,1.056222677230835,1.0472848415374756,1.0555092096328735,0,EURUSD=X,-0.008317396565946322,-0.008352179109846734
2022-04-29,1.0504201650619507,1.0504201650619507,1.0590416193008423,1.0505415201187134,1.0504201650619507,0,EURUSD=X,-0.004821411811928078,-0.004833072313007677
2022-05-02,1.0535964965820312,1.0535964965820312,1.056769609451294,1.0503981113433838,1.0535964965820312,0,EURUSD=X,0.0030238676157681166,0.0030193049237596144
2022-05-03,1.0509058237075806,1.0509058237075806,1.0577645301818848,1.0494390726089478,1.0509058237075806,0,EURUSD=X,-0.002553798236022531,-0.0025570647412530415
2022-05-04,1.0528532266616821,1.0528532266616821,1.0566357374191284,1.0506519079208374,1.0528532266616821,0,EURUSD=X,0.0018530708557986664,0.0018513560381259822
2022-05-05,1.0622477531433105,1.0622477531433105,1.0639996528625488,1.0504642724990845,1.0622477531433105,0,EURUSD=X,0.008922921299691522,0.008883347273825875
2022-05-06,1.0539740324020386,1.0539740324020386,1.0598385334014893,1.048536777496338,1.0539740324020386,0,EURUSD=X,-0.007788880434709378,-0.007819372198253727
2022-05-09,1.053219199180603,1.053219199180603,1.0572165250778198,1.0496593713760376,1.053219199180603,0,EURUSD=X,-0.0007161781962646829,-0.0007164347743801674
2022-05-10,1.056579828262329,1.056579828262329,1.0585819482803345,1.0527312755584717,1.056579828262329,0,EURUSD=X,0.0031908163887828245,0.003185736537216687
2022-05-11,1.0532968044281006,1.0532968044281006,1.0575631856918335,1.0507071018218994,1.0532968044281006,0,EURUSD=X,-0.003107217974838483,-0.0031120553998316533
2022-05-12,1.05124831199646,1.05124831199646,1.0529751777648926,1.0373551845550537,1.05124831199646,0,EURUSD=X,-0.0019448387415861301,-0.0019467323960849386
2022-05-13,1.0379581451416016,1.0379581451416016,1.041938066482544,1.0351966619491577,1.0379581451416016,0,EURUSD=X,-0.012642271766999169,-0.012722865261767163
2022-05-16,1.0400632619857788,1.0400632619857788,1.0437977313995361,1.0391337871551514,1.0400632619857788,0,EURUSD=X,0.0020281326891944396,0.0020260788046566882
2022-05-17,1.0438958406448364,1.0438958406448364,1.055375576019287,1.0432424545288086,1.0438958406448364,0,EURUSD=X,0.0036849476364928524,0.003678174850093924
2022-05-18,1.0547856092453003,1.0547856092453003,1.0564124584197998,1.0492409467697144,1.0547856092453003,0,EURUSD=X,0.010431853616484466,0.010377817305916337
2022-05-19,1.0472739934921265,1.0472739934921265,1.0598047971725464,1.0466053485870361,1.0472739934921265,0,EURUSD=X,-0.007121462112616772,-0.007146940759466621
2022-05-20,1.057898759841919,1.057898759841919,1.05988347530365,1.0541073083877563,1.057898759841919,0,EURUSD=X,0.010145163935909807,0.010094047194697555
2022-05-23,1.0569819211959839,1.0569819211959839,1.069027066230774,1.0568702220916748,1.0569819211959839,0,EURUSD=X,-0.000866660100889094,-0.0008670358678781887
2022-05-24,1.0682048797607422,1.0682048797607422,1.0746333599090576,1.0662003755569458,1.0682048797607422,0,EURUSD=X,0.010617928594331527,0.010561954262868753
2022-05-25,1.0736525058746338,1.0736525058746338,1.0736525058746338,1.064407229423523,1.0736525058746338,0,EURUSD=X,0.005099795195760315,0.005086835283498354
2022-05-26,1.0686614513397217,1.0686614513397217,1.0728693008422852,1.0664504766464233,1.0686614513397217,0,EURUSD=X,-0.004648668454274474,-0.00465950711675043
2022-05-27,1.0732953548431396,1.0732953548431396,1.0765074491500854,1.0698047876358032,1.0732953548431396,0,EURUSD=X,0.004336175406728371,0.004326801286931803
2022-05-30,1.0731456279754639,1.0731456279754639,1.078515887260437,1.0727427005767822,1.0731456279754639,0,EURUSD=X,-0.00013950201778112348,-0.00013951174909264155
2022-05-31,1.0773539543151855,1.0773539543151855,1.0774933099746704,1.068216323852539,1.0773539543151855,0,EURUSD=X,0.003921486730240842,0.00391381774383384
2022-06-01,1.0734105110168457,1.0734105110168457,1.0736640691757202,1.063173770904541,1.0734105110168457,0,EURUSD=X,-0.0036603042876901526,-0.0036670195931451026
2022-06-02,1.0654165744781494,1.0654165744781494,1.0738486051559448,1.064565896987915,1.0654165744781494,0,EURUSD=X,-0.0074472314707665355,-0.007475100550259082
2022-06-03,1.0751069784164429,1.0751069784164429,1.0765421390533447,1.0706638097763062,1.0751069784164429,0,EURUSD=X,0.0090954131655403,0.009054299007338812
2022-06-06,1.0726046562194824,1.0726046562194824,1.0752688646316528,1.0686043500900269,1.0726046562194824,0,EURUSD=X,-0.0023275099568660362,-0.002330222818458084
2022-06-07,1.0691413879394531,1.0691413879394531,1.0708931684494019,1.0652804374694824,1.0691413879394531,0,EURUSD=X,-0.0032288394982695756,-0.0032340634484176282
2022-06-08,1.0698620080947876,1.0698620080947876,1.0748296976089478,1.0673270225524902,1.0698620080947876,0,EURUSD=X,0.00067401764019559,0.0006737905923230617
2022-06-09,1.071765422821045,1.071765422821045,1.0770059823989868,1.0647132396697998,1.071765422821045,0,EURUSD=X,0.001779121710889564,0.0017775409484932394
2022-06-10,1.0619205236434937,1.0619205236434937,1.0642147064208984,1.0507733821868896,1.0619205236434937,0,EURUSD=X,-0.009185684635764857,-0.00922813318281883
2022-06-13,1.0489987134933472,1.0489987134933472,1.0497585535049438,1.041905403137207,1.0489987134933472,0,EURUSD=X,-0.012168340155825574,-0.01224298052450652
2022-06-14,1.0415147542953491,1.0415147542953491,1.0482399463653564,1.0398253202438354,1.0415147542953491,0,EURUSD=X,-0.007134383580962855,-0.007159954992260149
2022-06-15,1.0440592765808105,1.0440592765808105,1.0507181882858276,1.0386265516281128,1.0440592765808105,0,EURUSD=X,0.002443097685335127,0.0024401181740231668
2022-06-16,1.0456204414367676,1.0456204414367676,1.0530306100845337,1.0382598638534546,1.0456204414367676,0,EURUSD=X,0.0014952837362545157,0.0014941669127020091
2022-06-17,1.0546854734420776,1.0546854734420776,1.0551751852035522,1.0445609092712402,1.0546854734420776,0,EURUSD=X,0.008669524471857093,0.008632159944394863
2022-06-20,1.049141764640808,1.049141764640808,1.0545185804367065,1.048635721206665,1.049141764640808,0,EURUSD=X,-0.005256267333593856,-0.005270130105696999
2022-06-21,1.0520778894424438,1.0520778894424438,1.058189868927002,1.0514252185821533,1.0520778894424438,0,EURUSD=X,0.0027985968155990193,0.002794688034567393
2022-06-22,1.053263545036316,1.053263545036316,1.0602879524230957,1.0471861362457275,1.053263545036316,0,EURUSD=X,0.0011269656037542486,0.001126331054716773
2022-06-23,1.0564124584197998,1.0564124584197998,1.058066725730896,1.0484488010406494,1.0564124584197998,0,EURUSD=X,0.0029896728110676563,0.002985212626758971
2022-06-24,1.052011489868164,1.052011489868164,1.0569148063659668,1.0513699054718018,1.052011489868164,0,EURUSD=X,-0.00416595669291786,-0.004174658466384516
2022-06-27,1.0566133260726929,1.0566133260726929,1.0614246129989624,1.0550860166549683,1.0566133260726929,0,EURUSD=X,0.004374321239690504,0.004364781705743179
2022-06-28,1.0580891370773315,1.0580891370773315,1.0605015754699707,1.0505746603012085,1.0580891370773315,0,EURUSD=X,0.0013967370732717033,0.0013957625433815856
2022-06-29,1.0523545742034912,1.0523545742034912,1.053629755973816,1.0468025207519531,1.0523545742034912,0,EURUSD=X,-0.005419735136569348,-0.005434475183267472
2022-06-30,1.04465913772583,1.04465913772583,1.047877550125122,1.0383893251419067,1.04465913772583,0,EURUSD=X,-0.007312588994527469,-0.007339457036861056
2022-07-01,1.0477677583694458,1.0477677583694458,1.0477896928787231,1.036989450454712,1.0477677583694458,0,EURUSD=X,0.0029757272313561955,0.0029713085188302992
2022-07-04,1.0433948040008545,1.0433948040008545,1.0463534593582153,1.041807770729065,1.0433948040008545,0,EURUSD=X,-0.004173591269306276,-0.004182325010529268
2022-07-05,1.0433186292648315,1.0433186292648315,1.0448557138442993,1.0237300395965576,1.0433186292648315,0,EURUSD=X,-7.300662772213862e-05,-7.300929283569905e-05
2022-07-06,1.0257673263549805,1.0257673263549805,1.0273902416229248,1.0162187814712524,1.0257673263549805,0,EURUSD=X,-0.01682257214386984,-0.016965678829353473
2022-07-07,1.0186411142349243,1.0186411142349243,1.0219202041625977,1.015331506729126,1.0186411142349243,0,EURUSD=X,-0.0069472013164806334,-0.006971445470808471
2022-07-08,1.0169836282730103,1.0169836282730103,1.0191082954406738,1.007973074913025,1.0169836282730103,0,EURUSD=X,-0.0016271539983530037,-0.0016284792512089388
2022-07-11,1.0166114568710327,1.0166114568710327,1.0167768001556396,1.0054292678833008,1.0166114568710327,0,EURUSD=X,-0.00036595613894940815,-0.000366023117238468
2022-07-12,1.004752516746521,1.004752516746521,1.007384181022644,1.0001100301742554,1.004752516746521,0,EURUSD=X,-0.011665164743481893,-0.011733736567112072
2022-07-13,1.0033109188079834,1.0033109188079834,1.011623501777649,0.9998899698257446,1.0033109188079834,0,EURUSD=X,-0.001434779126710306,-0.0014358094078833954
2022-07-14,1.0032706260681152,1.0032706260681152,1.0049240589141846,0.9953616261482239,1.0032706260681152,0,EURUSD=X,-4.0159774116754754e-05,-4.0160580542073956e-05
2022-07-15,1.0025665760040283,1.0025665760040283,1.009795069694519,1.0010610818862915,1.0025665760040283,0,EURUSD=X,-0.0007017548862624512,-0.0007020012314786962
2022-07-18,1.009631872177124,1.009631872177124,1.0198878049850464,1.008237361907959,1.009631872177124,0,EURUSD=X,0.007047208975643482,0.00702249344752808
2022-07-19,1.0145177841186523,1.0145177841186523,1.0268205404281616,1.0125659704208374,1.0145177841186523,0,EURUSD=X,0.004839300418470804,0.004827628644534584
2022-07-20,1.0231330394744873,1.0231330394744873,1.0271897315979004,1.0175942182540894,1.0231330394744873,0,EURUSD=X,0.008491970757633638,0.008456116811406341
2022-07-21,1.0182781219482422,1.0182781219482422,1.0275379419326782,1.016311764717102,1.0182781219482422,0,EURUSD=X,-0.00474514783408686,-0.004756441789894104
2022-07-22,1.0221081972122192,1.0221081972122192,1.025514841079712,1.0133970975875854,1.0221081972122192,0,EURUSD=X,0.0037613253014305847,0.0037542692053991913
2022-07-25,1.0200231075286865,1.0200231075286865,1.0256409645080566,1.0180604457855225,1.0200231075286865,0,EURUSD=X,-0.002039989199988601,-0.002042072812136406
2022-07-26,1.022494912147522,1.022494912147522,1.0249052047729492,1.011398434638977,1.022494912147522,0,EURUSD=X,0.0024232829634851516,0.0024203515481354024
2022-07-27,1.0129557847976685,1.0129557847976685,1.0171905755996704,1.0107442140579224,1.0129557847976685,0,EURUSD=X,-0.009329266323505392,-0.009373056494817926
2022-07-28,1.0209290981292725,1.0209290981292725,1.0233110189437866,1.0115723609924316,1.0209290981292725,0,EURUSD=X,0.007871334021945176,0.007840516682384753
2022-07-29,1.0192328691482544,1.0192328691482544,1.0253781080245972,1.014857530593872,1.0192328691482544,0,EURUSD=X,-0.0016614562011467715,-0.0016628379501900366
2022-08-01,1.0208247900009155,1.0208247900009155,1.0277491807937622,1.0209603309631348,1.0208247900009155,0,EURUSD=X,0.0015618813922195773,0.0015606629240480755
2022-08-02,1.0261356830596924,1.0261356830596924,1.0293148756027222,1.0183714628219604,1.0261356830596924,0,EURUSD=X,0.005202551026187496,0.005189064513554008
2022-08-03,1.015568733215332,1.015568733215332,1.020762324333191,1.0123199224472046,1.015568733215332,0,EURUSD=X,-0.010297809557554993,-0.010351198843136136
2022-08-04,1.015764594078064,1.015764594078064,1.0232481956481934,1.0155996084213257,1.015764594078064,0,EURUSD=X,0.0001928583032602127,0.00019283970848837684
2022-08-05,1.024779200553894,1.024779200553894,1.0249052047729492,1.014363408088684,1.024779200553894,0,EURUSD=X,0.008874700426048987,0.00883555172373451
2022-08-08,1.0170871019363403,1.0170871019363403,1.0221813917160034,1.0160020589828491,1.0170871019363403,0,EURUSD=X,-0.00750610337660651,-0.007534415937540125
2022-08-09,1.0197629928588867,1.0197629928588867,1.0246951580047607,1.0189213752746582,1.0197629928588867,0,EURUSD=X,0.0026309358534308824,0.0026274810000368686
2022-08-10,1.0208144187927246,1.0208144187927246,1.0369141101837158,1.0203040838241577,1.0208144187927246,0,EURUSD=X,0.0010310493136156396,0.001030518147346478
2022-08-11,1.0300782918930054,1.0300782918930054,1.036591649055481,1.0276330709457397,1.0300782918930054,0,EURUSD=X,0.00907498261166495,0.009034052397915944
2022-08-12,1.0316723585128784,1.0316723585128784,1.0327378511428833,1.0239607095718384,1.0316723585128784,0,EURUSD=X,0.0015475198656440536,0.0015463236906874298
2022-08-15,1.0256409645080566,1.0256409645080566,1.0267151594161987,1.0182262659072876,1.0256409645080566,0,EURUSD=X,-0.00584623010886498,-0.005863386210464329
2022-08-16,1.0161981582641602,1.0161981582641602,1.019440770149231,1.0123404264450073,1.0161981582641602,0,EURUSD=X,-0.00920673663656335,-0.00924938057915025
2022-08-17,1.0170663595199585,1.0170663595199585,1.019783854484558,1.0148060321807861,1.0170663595199585,0,EURUSD=X,0.0008543621622787434,0.0008539974026696639
2022-08-18,1.0180189609527588,1.0180189609527588,1.0193679332733154,1.0113166570663452,1.0180189609527588,0,EURUSD=X,0.0009366167938638092,0.0009361784420449659
2022-08-19,1.0089900493621826,1.0089900493621826,1.011224627494812,1.003623127937317,1.0089900493621826,0,EURUSD=X,-0.008869099630645416,-0.008908664203253895
2022-08-22,1.0035223960876465,1.0035223960876465,1.0048232078552246,0.99277263879776,1.0035223960876465,0,EURUSD=X,-0.005418936765523519,-0.005433672462005448
2022-08-23,0.9939467906951904,0.9939467906951904,1.0019036531448364,0.9903146624565125,0.9939467906951904,0,EURUSD=X,-0.009541994707629509,-0.009587811226055044
2022-08-24,0.9966909885406494,0.9966909885406494,0.9998200535774231,0.9911981225013733,0.9966909885406494,0,EURUSD=X,0.002760910212849188,0.0027571059008813115
2022-08-25,0.9969095587730408,0.9969095587730408,1.0030593872070312,0.995678722858429,0.9969095587730408,0,EURUSD=X,0.0002192958849878135,0.00021927184316001224
2022-08-26,0.9971283078193665,0.9971283078193665,1.0088272094726562,0.9947279095649719,0.9971283078193665,0,EURUSD=X,0.00021942717310774462,0.00021940310248669677
2022-08-29,0.993867814540863,0.993867814540863,1.0031095743179321,0.9914930462837219,0.993867814540863,0,EURUSD=X,-0.003269883377028826,-0.0032752411283479355
2022-08-30,1.0014019012451172,1.0014019012451172,1.0052272081375122,0.998342752456665,1.0014019012451172,0,EURUSD=X,0.00758057217874053,0.0075519840269269055
2022-08-31,1.0025062561035156,1.0025062561035156,1.0077394247055054,0.9971680045127869,1.0025062561035156,0,EURUSD=X,0.0011028088293274507,0.0011022011823750134
2022-09-01,1.003905177116394,1.003905177116394,1.0045808553695679,0.9917388558387756,1.003905177116394,0,EURUSD=X,0.0013954237236539768,0.0013944510247493138
2022-09-02,0.995232880115509,0.995232880115509,1.0033310651779175,0.9951239228248596,0.995232880115509,0,EURUSD=X,-0.008638561886686547,-0.008676090547837427
2022-09-05,0.9909427762031555,0.9909427762031555,0.9943521022796631,0.9880836606025696,0.9909427762031555,0,EURUSD=X,-0.004310653313479351,-0.0043199709658943205
2022-09-06,0.9952229857444763,0.9952229857444763,0.9985321760177612,0.9865143895149231,0.9952229857444763,0,EURUSD=X,0.0043193306859965475,0.004310029151858244
2022-09-07,0.9897951483726501,0.9897951483726501,0.9955201148986816,0.9877811670303345,0.9897951483726501,0,EURUSD=X,-0.005453890685378271,-0.005468817444529171
2022-09-08,0.9995701909065247,0.9995701909065247,1.00290846824646,0.9933445453643799,0.9995701909065247,0,EURUSD=X,0.009875823850971521,0.009827376612398795
2022-09-09,1.0012015104293823,1.0012015104293823,1.011224627494812,1.000930905342102,1.0012015104293823,0,EURUSD=X,0.0016320209803157848,0.00163069068126299
2022-09-12,1.0071406364440918,1.0071406364440918,1.0196797847747803,1.0064716339111328,1.0071406364440918,0,EURUSD=X,0.00593199865645655,0.005914473623920646
2022-09-13,1.0129557847976685,1.0129557847976685,1.018744945526123,0.9995802044868469,1.0129557847976685,0,EURUSD=X,0.005773918897869379,0.005757313715473667
2022-09-14,0.9982032775878906,0.9982032775878906,1.0022751092910767,0.9963633418083191,0.9982032775878906,0,EURUSD=X,-0.014563821472942773,-0.014670914986609497
2022-09-15,0.9984025359153748,0.9984025359153748,1.0017931461334229,0.9957482218742371,0.9984025359153748,0,EURUSD=X,0.00019961698379278303,0.00019959706297365223
2022-09-16,0.9988313317298889,0.9988313317298889,1.0035626888275146,0.994579553604126,0.9988313317298889,0,EURUSD=X,0.00042948189641878187,0.00042938969546725455
2022-09-19,1.002234935760498,1.002234935760498,1.002807855606079,0.9966810345649719,1.002234935760498,0,EURUSD=X,0.0034075863686757746,0.003401793701857418
2022-09-20,1.0029587745666504,1.0029587745666504,1.0050251483917236,0.9957084655761719,1.0029587745666504,0,EURUSD=X,0.0007222246803870735,0.0007219640016474552
2022-09-21,0.997078537940979,0.997078537940979,0.9974067807197571,0.9869135022163391,0.997078537940979,0,EURUSD=X,-0.005862889656867543,-0.005880143867171973
2022-09-22,0.983071506023407,0.983071506023407,0.9906188249588013,0.9811038970947266,0.983071506023407,0,EURUSD=X,-0.014048072829345282,-0.014147680973100527
2022-09-23,0.9841550588607788,0.9841550588607788,0.9852216839790344,0.9703933596611023,0.9841550588607788,0,EURUSD=X,0.0011022116201444554,0.0011016046308961233
2022-09-26,0.968992292881012,0.968992292881012,0.9699885249137878,0.9582307934761047,0.968992292881012,0,EURUSD=X,-0.015406887200598907,-0.015526806604905349
2022-09-27,0.9623712301254272,0.9623712301254272,0.9670057892799377,0.9594534635543823,0.9623712301254272,0,EURUSD=X,-0.0068329364477182075,-0.006856387846966306
2022-09-28,0.9596191644668579,0.9596191644668579,0.9686262011528015,0.954016387462616,0.9596191644668579,0,EURUSD=X,-0.0028596715824626973,-0.0028637682551989094
2022-09-29,0.9708172082901001,0.9708172082901001,0.9787322282791138,0.9638276100158691,0.9708172082901001,0,EURUSD=X,0.011669258220226908,0.011601697507510935
2022-09-30,0.9829555749893188,0.9829555749893188,0.9849985241889954,0.9736055731773376,0.9829555749893188,0,EURUSD=X,0.012503246332641771,0.012425726247878138
2022-10-03,0.9792688488960266,0.9792688488960266,0.9844263195991516,0.9753623604774475,0.9792688488960266,0,EURUSD=X,-0.0037506538312601645,-0.0037577051702841185
2022-10-04,0.9832068681716919,0.9832068681716919,0.998013973236084,0.9806710481643677,0.9832068681716919,0,EURUSD=X,0.004021387262654885,0.00401332309708905
2022-10-05,0.998432457447052,0.998432457447052,0.9994204044342041,0.9835453629493713,0.998432457447052,0,EURUSD=X,0.015485641697837949,0.015366962792935441
2022-10-06,0.9910998940467834,0.9910998940467834,0.9926347136497498,0.9789333343505859,0.9910998940467834,0,EURUSD=X,-0.0073440755512070854,-0.0073711760409446
2022-10-07,0.9789045453071594,0.9789045453071594,0.9816046953201294,0.9731696844100952,0.9789045453071594,0,EURUSD=X,-0.012304863326973892,-0.012381194971008931
2022-10-10,0.9735012650489807,0.9735012650489807,0.9752291440963745,0.96825110912323,0.9735012650489807,0,EURUSD=X,-0.005519721288538171,-0.005535011240227645
2022-10-11,0.9710057377815247,0.9710057377815247,0.975809633731842,0.9673987030982971,0.9710057377815247,0,EURUSD=X,-0.0025634555979036078,-0.0025667468761050396
2022-10-12,0.9700167775154114,0.9700167775154114,0.9733022451400757,0.9669683575630188,0.9700167775154114,0,EURUSD=X,-0.0010184906511189196,-0.0010190096651593531
2022-10-13,0.9707984328269958,0.9707984328269958,0.979508638381958,0.9635953307151794,0.9707984328269958,0,EURUSD=X,0.000805816280401439,0.0008054917847734313
2022-10-14,0.975134015083313,0.975134015083313,0.9803825616836548,0.9709492325782776,0.975134015083313,0,EURUSD=X,0.0044659963486877174,0.004456053379512562
2022-10-17,0.973937451839447,0.973937451839447,0.9847074747085571,0.9724504947662354,0.973937451839447,0,EURUSD=X,-0.0012270756894514623,-0.0012278291632679555
2022-10-18,0.9846396446228027,0.9846396446228027,0.9873617887496948,0.9814602136611938,0.9846396446228027,0,EURUSD=X,0.010988583263886964,0.010928647456162878
2022-10-19,0.9863878488540649,0.9863878488540649,0.9866993427276611,0.9760192036628723,0.9863878488540649,0,EURUSD=X,0.001775476176293811,0.0017739018816072146
2022-10-20,0.9766482710838318,0.9766482710838318,0.9845135807991028,0.9755526185035706,0.9766482710838318,0,EURUSD=X,-0.009873983931927066,-0.009923054996403982
2022-10-21,0.9778899550437927,0.9778899550437927,0.9856975078582764,0.9707323908805847,0.9778899550437927,0,EURUSD=X,0.0012713727108562,0.0012705652009295035
2022-10-24,0.9860085844993591,0.9860085844993591,0.9889631271362305,0.9808922410011292,0.9860085844993591,0,EURUSD=X,0.00830219127795706,0.00826791765473566
2022-10-25,0.9886503219604492,0.9886503219604492,0.9975360631942749,0.9852216839790344,0.9886503219604492,0,EURUSD=X,0.0026792235915789053,0.002675640869900312
2022-10-26,0.9963731169700623,0.9963731169700623,1.0080543756484985,0.9944608211517334,0.9963731169700623,0,EURUSD=X,0.0078114524802854746,0.0077811010421081125
2022-10-27,1.009193778038025,1.009193778038025,1.0094891786575317,0.9976455569267273,1.009193778038025,0,EURUSD=X,0.012867329366482494,0.012785248640600487
2022-10-28,0.9967803955078125,0.9967803955078125,0.9998999834060669,0.9931473135948181,0.9967803955078125,0,EURUSD=X,-0.012300296335898242,-0.012376571094321193
2022-10-31,0.9955002665519714,0.9955002665519714,0.9968101382255554,0.9873520135879517,0.9955002665519714,0,EURUSD=X,-0.0012842637772675358,-0.0012850891507328465
2022-11-01,0.9886307716369629,0.9886307716369629,0.9951634407043457,0.9862127304077148,0.9886307716369629,0,EURUSD=X,-0.006900545530541979,-0.006924464393830943
2022-11-02,0.9877909421920776,0.9877909421920776,0.9913553595542908,0.9867576956748962,0.9877909421920776,0,EURUSD=X,-0.0008494874618303339,-0.0008498484807727607
2022-11-03,0.9814409017562866,0.9814409017562866,0.9839614629745483,0.9731224179267883,0.9814409017562866,0,EURUSD=X,-0.006428526689766123,-0.0064492786516353135
2022-11-04,0.9749630093574524,0.9749630093574524,0.993818461894989,0.9748489260673523,0.9749630093574524,0,EURUSD=X,-0.0066003896793398464,-0.006622268577274553
2022-11-07,0.9928810596466064,0.9928810596466064,1.0005003213882446,0.9919454455375671,0.9928810596466064,0,EURUSD=X,0.018378184728221614,0.01821134690851107
2022-11-08,1.0018634796142578,1.0018634796142578,1.0094178915023804,0.9976056814193726,1.0018634796142578,0,EURUSD=X,0.009046823766432288,0.00900614640617105
2022-11-09,1.008084774017334,1.008084774017334,1.0088781118392944,1.0012515783309937,1.008084774017334,0,EURUSD=X,0.006209722711393306,0.006190521830417323
2022-11-10,1.0019538402557373,1.0019538402557373,1.018298864364624,0.9937788844108582,1.0019538402557373,0,EURUSD=X,-0.006081764073436191,-0.006100333328057607
2022-11-11,1.0192224979400635,1.0192224979400635,1.0338374376296997,1.016621708869934,1.0192224979400635,0,EURUSD=X,0.017234983280186356,0.01708814571666528
2022-11-14,1.0328551530838013,1.0328551530838013,1.0350252389907837,1.0273585319519043,1.0328551530838013,0,EURUSD=X,0.013375543780961063,0.01328688092947431
2022-11-15,1.0319278240203857,1.0319278240203857,1.0475481748580933,1.031385064125061,1.0319278240203857,0,EURUSD=X,-0.0008978306983770112,-0.000898233989768149
2022-11-16,1.0357863903045654,1.0357863903045654,1.0437324047088623,1.0336451530456543,1.0357863903045654,0,EURUSD=X,0.003739182328805546,0.0037322089642766866
2022-11-17,1.0395010709762573,1.0395010709762573,1.040571928024292,1.0309491157531738,1.0395010709762573,0,EURUSD=X,0.0035863385602117326,0.003579922982457949
2022-11-18,1.036172866821289,1.036172866821289,1.0395874977111816,1.0328017473220825,1.036172866821289,0,EURUSD=X,-0.003201732300133653,-0.003206868811748218
2022-11-21,1.0330898761749268,1.0330898761749268,1.0333247184753418,1.022704005241394,1.0330898761749268,0,EURUSD=X,-0.0029753632285509646,-0.0029797984214465644
2022-11-22,1.0245691537857056,1.0245691537857056,1.0290182828903198,1.0243382453918457,1.0245691537857056,0,EURUSD=X,-0.008247803589722214,-0.008282004908750605
2022-11-23,1.0311086177825928,1.0311086177825928,1.0382059812545776,1.0298130512237549,1.0311086177825928,0,EURUSD=X,0.00638264774293118,0.006362364906543442
2022-11-24,1.0416233539581299,1.0416233539581299,1.0448229312896729,1.0383676290512085,1.0416233539581299,0,EURUSD=X,0.010197505863299927,0.010145862095391638
2022-11-25,1.040810227394104,1.040810227394104,1.0429050922393799,1.0356147289276123,1.040810227394104,0,EURUSD=X,-0.000780633960381194,-0.0007809388137341562
2022-11-28,1.0367528200149536,1.0367528200149536,1.0496704578399658,1.0342438220977783,1.0367528200149536,0,EURUSD=X,-0.003898316208238106,-0.00390593444818525
2022-11-29,1.034554123878479,1.034554123878479,1.039414644241333,1.032545804977417,1.034554123878479,0,EURUSD=X,-0.002120752501491019,-0.002123004481568896
2022-11-30,1.0324499607086182,1.0324499607086182,1.0394577980041504,1.0292301177978516,1.0324499607086182,0,EURUSD=X,-0.002033884087158655,-0.0020359552381959117
2022-12-01,1.042535424232483,1.042535424232483,1.053141474723816,1.0397928953170776,1.042535424232483,0,EURUSD=X,0.009768476834405293,0.009721073718734909
2022-12-02,1.052842140197754,1.052842140197754,1.0545185804367065,1.0434166193008423,1.052842140197754,0,EURUSD=X,0.009886202162251445,0.009837653378816175
2022-12-05,1.0544185638427734,1.0544185638427734,1.0594117641448975,1.0492409467697144,1.0544185638427734,0,EURUSD=X,0.001497302952485846,0.0014961831121075887
2022-12-06,1.0496923923492432,1.0496923923492432,1.0532081127166748,1.0477018356323242,1.0496923923492432,0,EURUSD=X,-0.0044822536852026085,-0.004492329102575546
2022-12-07,1.0469011068344116,1.0469011068344116,1.0546187162399292,1.0443755388259888,1.0469011068344116,0,EURUSD=X,-0.0026591461795627547,-0.002662687988950827
2022-12-08,1.051325798034668,1.051325798034668,1.0563119649887085,1.049163818359375,1.051325798034668,0,EURUSD=X,0.004226465299703053,0.004217558881531055
2022-12-09,1.0559661388397217,1.0559661388397217,1.0588396787643433,1.0520004034042358,1.0559661388397217,0,EURUSD=X,0.004413799046621314,0.004404086803714652
2022-12-12,1.0522217750549316,1.0522217750549316,1.0579211711883545,1.0507071018218994,1.0522217750549316,0,EURUSD=X,-0.003545912740065993,-0.0035522143897896534
2022-12-13,1.0541739463806152,1.0541739463806152,1.066894292831421,1.0529308319091797,1.0541739463806152,0,EURUSD=X,0.0018552850472817184,0.001853566131702255
2022-12-14,1.062665343284607,1.062665343284607,1.0669853687286377,1.0620108842849731,1.062665343284607,0,EURUSD=X,0.00805502444178785,0.00802275589918932
2022-12-15,1.0676347017288208,1.0676347017288208,1.0725586414337158,1.0607378482818604,1.0676347017288208,0,EURUSD=X,0.00467631552644221,0.004665415530993445
2022-12-16,1.064056158065796,1.064056158065796,1.0663254261016846,1.0599396228790283,1.064056158065796,0,EURUSD=X,-0.0033518427765883985,-0.003357472785711803
2022-12-19,1.05850350856781,1.05850350856781,1.0659003257751465,1.0577198266983032,1.05850350856781,0,EURUSD=X,-0.005218380116402188,-0.005232043416178128
2022-12-20,1.0614584684371948,1.0614584684371948,1.065552830696106,1.058066725730896,1.0614584684371948,0,EURUSD=X,0.0027916391825502096,0.002787749794717641
2022-12-21,1.062699317932129,1.062699317932129,1.0643506050109863,1.0597037076950073,1.062699317932129,0,EURUSD=X,0.0011690042821561608,0.0011683215286929897
2022-12-22,1.0610079765319824,1.0610079765319824,1.0657458305358887,1.05840265750885,1.0610079765319824,0,EURUSD=X,-0.0015915521649506603,-0.0015928200295245159
2022-12-23,1.060333013534546,1.060333013534546,1.063117265701294,1.0587948560714722,1.060333013534546,0,EURUSD=X,-0.0006361526137086404,-0.0006363550446384674
2022-12-26,1.0667804479599,1.0667804479599,1.0637166500091553,1.060895323753357,1.0667804479599,0,EURUSD=X,0.006080575010922296,0.00606216291441548
2022-12-27,1.064022183418274,1.064022183418274,1.0668998956680298,1.0612443685531616,1.064022183418274,0,EURUSD=X,-0.0025855972022179596,-0.0025889456317026356
2022-12-28,1.0637166500091553,1.0637166500091553,1.067429542541504,1.0613908767700195,1.0637166500091553,0,EURUSD=X,-0.0002871494728964308,-0.0002871907082003092
2022-12-29,1.062925100326538,1.062925100326538,1.0670194625854492,1.0612331628799438,1.062925100326538,0,EURUSD=X,-0.0007441358397561881,-0.0007444128462590291
2022-12-30,1.066075325012207,1.066075325012207,1.0697933435440063,1.0639203786849976,1.066075325012207,0,EURUSD=X,0.002963731578736084,0.0029593483845724387
2023-01-02,1.0709733963012695,1.0709733963012695,1.071237325668335,1.0653257369995117,1.0709733963012695,0,EURUSD=X,0.004594488939143604,0.004583966492703552
2023-01-03,1.0677714347839355,1.0677714347839355,1.068261981010437,1.0521553754806519,1.0677714347839355,0,EURUSD=X,-0.0029897675594858786,-0.002994245842760573
2023-01-04,1.0546854734420776,1.0546854734420776,1.063151240348816,1.0545964241027832,1.0546854734420776,0,EURUSD=X,-0.012255395598315344,-0.012331112219669753
2023-01-05,1.0606365203857422,1.0606365203857422,1.06326425075531,1.0515578985214233,1.0606365203857422,0,EURUSD=X,0.005642484981084106,0.0056266257915620664
2023-01-06,1.0522217750549316,1.0522217750549316,1.062225103378296,1.0485258102416992,1.0522217750549316,0,EURUSD=X,-0.007933674891517195,-0.007965313943903736
2023-01-09,1.0656323432922363,1.0656323432922363,1.0759514570236206,1.0652804374694824,1.0656323432922363,0,EURUSD=X,0.012745001629152375,0.01266446764454612
2023-01-10,1.073318362236023,1.073318362236023,1.0756852626800537,1.0713175535202026,1.073318362236023,0,EURUSD=X,0.007212636696105612,0.007186750031592487
2023-01-11,1.0738946199417114,1.0738946199417114,1.077470064163208,1.0726851224899292,1.0738946199417114,0,EURUSD=X,0.0005368935499137084,0.0005367494741383354
2023-01-12,1.0766000747680664,1.0766000747680664,1.0838346481323242,1.0738024711608887,1.0766000747680664,0,EURUSD=X,0.0025192926532231485,0.0025161245552818563
2023-01-13,1.0860239267349243,1.0860239267349243,1.0867793560028076,1.0780625343322754,1.0860239267349243,0,EURUSD=X,0.008753345079312025,0.00871525666027755
2023-01-16,1.082461953163147,1.082461953163147,1.0875475406646729,1.080263614654541,1.082461953163147,0,EURUSD=X,-0.0032798297386377184,-0.0032852201698865342
2023-01-17,1.0830129384994507,1.0830129384994507,1.086909294128418,1.0787020921707153,1.0830129384994507,0,EURUSD=X,0.0005090112725842921,0.000508881770290038
2023-01-18,1.0793308019638062,1.0793308019638062,1.0884472131729126,1.0767043828964233,1.0793308019638062,0,EURUSD=X,-0.003399900781191234,-0.00340569357753422
2023-01-19,1.0797853469848633,1.0797853469848633,1.0833063125610352,1.0782949924468994,1.0797853469848633,0,EURUSD=X,0.00042113596705495304,0.00042104731419264534
2023-01-20,1.083388328552246,1.083388328552246,1.0856584310531616,1.0804619789123535,1.083388328552246,0,EURUSD=X,0.0033367572336886475,0.0033312026121230954
2023-01-23,1.086507797241211,1.086507797241211,1.0919533967971802,1.0847516059875488,1.0864723920822144,0,EURUSD=X,0.0028793633886876613,0.002875225962125885
2023-01-24,1.0874292850494385,1.0874292850494385,1.089680790901184,1.0839285850524902,1.0874292850494385,0,EURUSD=X,0.0008481189095626007,0.0008477594599432104
2023-01-25,1.088814616203308,1.088814616203308,1.0922634601593018,1.0858116149902344,1.088814616203308,0,EURUSD=X,0.0012739505666399253,0.0012731397801450267
2023-01-26,1.0922038555145264,1.0922038555145264,1.0932546854019165,1.0851635932922363,1.0922038555145264,0,EURUSD=X,0.00311277903582563,0.0031079443693967086
2023-01-27,1.0894432067871094,1.0894432067871094,1.0901559591293335,1.0838816165924072,1.0894432067871094,0,EURUSD=X,-0.0025275947466020243,-0.0025307945071393893
2023-01-30,1.0871455669403076,1.0871455669403076,1.0915005207061768,1.0854581594467163,1.0871455669403076,0,EURUSD=X,-0.0021090037851332344,-0.002111230865447573
2023-01-31,1.0850694179534912,1.0850694179534912,1.0868383646011353,1.0804152488708496,1.0850694179534912,0,EURUSD=X,-0.0019097249254850235,-0.0019115507750811752
2023-02-01,1.0860947370529175,1.0860947370529175,1.092442512512207,1.085293173789978,1.0860947370529175,0,EURUSD=X,0.0009449341051008808,0.0009444879359142555
2023-02-02,1.1012852191925049,1.1012852191925049,1.102657437324524,1.088767170906067,1.1012852191925049,0,EURUSD=X,0.013986332519027034,0.013889426300072026
2023-02-03,1.0905125141143799,1.0905125141143799,1.094067931175232,1.0811045169830322,1.0905125141143799,0,EURUSD=X,-0.009781939220090408,-0.009830096693875624
2023-02-06,1.079086184501648,1.079086184501648,1.0800302028656006,1.0718343257904053,1.079086184501648,0,EURUSD=X,-0.010477944512183313,-0.01053322466006526
2023-02-07,1.0730764865875244,1.0730764865875244,1.0745997428894043,1.0669511556625366,1.0730764865875244,0,EURUSD=X,-0.005569247387685716,-0.005584813467052059
2023-02-08,1.0729728937149048,1.0729728937149048,1.0760208368301392,1.0716849565505981,1.0729728937149048,0,EURUSD=X,-9.653820013244552e-05,-9.654286024440955e-05
2023-02-09,1.0715816020965576,1.0715816020965576,1.0790396928787231,1.0711569786071777,1.0715816020965576,0,EURUSD=X,-0.0012966698660300535,-0.0012975112698280708
2023-02-10,1.0742292404174805,1.0742292404174805,1.0751763582229614,1.0669283866882324,1.0742292404174805,0,EURUSD=X,0.002470776201964231,0.0024677288529569175
2023-02-13,1.0677714347839355,1.0677714347839355,1.0725010633468628,1.065723180770874,1.0677714347839355,0,EURUSD=X,-0.00601157126484031,-0.006029713504830647
2023-02-14,1.0730419158935547,1.0730419158935547,1.0798436403274536,1.0709964036941528,1.0730419158935547,0,EURUSD=X,0.004935963763336382,0.004923821832561969
2023-02-15,1.0735719203948975,1.0735719203948975,1.0744600296020508,1.0665984153747559,1.0735719203948975,0,EURUSD=X,0.000493927118309756,0.000493805176462593
2023-02-16,1.0691757202148438,1.0691757202148438,1.0722250938415527,1.0655754804611206,1.0691757202148438,0,EURUSD=X,-0.004094928431470746,-0.004103335609945398
2023-02-17,1.0665756464004517,1.0665756464004517,1.0681477785110474,1.0613795518875122,1.0665756464004517,0,EURUSD=X,-0.0024318489142922672,-0.0024348106615187685
2023-02-20,1.0684444904327393,1.0684444904327393,1.0705492496490479,1.0671560764312744,1.0684444904327393,0,EURUSD=X,0.0017521907973379047,0.0017506575018656283
2023-02-21,1.068261981010437,1.068261981010437,1.0695644617080688,1.0644866228103638,1.068261981010437,0,EURUSD=X,-0.00017081787957773376,-0.00017083247061335562
2023-02-22,1.065200924873352,1.065200924873352,1.0665528774261475,1.0619093179702759,1.065200924873352,0,EURUSD=X,-0.002865454534092482,-0.0028695678084155025
2023-02-23,1.0605803728103638,1.0605803728103638,1.0630381107330322,1.0582010746002197,1.0605803728103638,0,EURUSD=X,-0.004337728174182431,-0.004347163411922486
2023-02-24,1.0598047971725464,1.0598047971725464,1.0614246129989624,1.053774118423462,1.0598047971725464,0,EURUSD=X,-0.0007312747413590337,-0.0007315422531570732
2023-02-27,1.0554758310317993,1.0554758310317993,1.0618642568588257,1.0533522367477417,1.0554758310317993,0,EURUSD=X,-0.004084682530496431,-0.0040930476331470945
2023-02-28,1.0611205101013184,1.0611205101013184,1.0645002126693726,1.058234691619873,1.0611205101013184,0,EURUSD=X,0.0053479946234307185,0.005333744882631658
2023-03-01,1.0577309131622314,1.0577309131622314,1.0691070556640625,1.0565686225891113,1.0577309131622314,0,EURUSD=X,-0.0031943562553166105,-0.003199469102332789
2023-03-02,1.066894292831421,1.066894292831421,1.067270040512085,1.0583466291427612,1.066894292831421,0,EURUSD=X,0.008663242754052058,0.008625932198623705
2023-03-03,1.0599732398986816,1.0599732398986816,1.062925100326538,1.0591312646865845,1.0599732398986816,0,EURUSD=X,-0.006487102779762277,-0.006508235473883866
2023-03-06,1.0626201629638672,1.0626201629638672,1.0693814754486084,1.062304139137268,1.0626201629638672,0,EURUSD=X,0.002497160273063681,0.00249404754925224
2023-03-07,1.0688328742980957,1.0688328742980957,1.06963312625885,1.0571606159210205,1.0688328742980957,0,EURUSD=X,0.005846596508106927,0.005829571489454962
2023-03-08,1.05507493019104,1.05507493019104,1.0573283433914185,1.0526647567749023,1.05507493019104,0,EURUSD=X,-0.012871932027811672,-0.01295549318169404
2023-03-09,1.0549525022506714,1.0549525022506714,1.0586491823196411,1.053851842880249,1.0549525022506714,0,EURUSD=X,-0.00011603719969588422,-0.00011604393253258556
2023-03-10,1.0584698915481567,1.0584698915481567,1.0698620080947876,1.0575743913650513,1.0584698915481567,0,EURUSD=X,0.0033341684009291495,0.0033286223856131797
2023-03-13,1.0683646202087402,1.0683646202087402,1.0737217664718628,1.0652350187301636,1.0683646202087402,0,EURUSD=X,0.009348143711590318,0.00930472022571737
2023-03-14,1.0725010633468628,1.0725010633468628,1.0747140645980835,1.0679652690887451,1.0725010633468628,0,EURUSD=X,0.003871752264984485,0.0038642763226350934
2023-03-15,1.0727657079696655,1.0727657079696655,1.0760092735290527,1.052033543586731,1.0727657079696655,0,EURUSD=X,0.00024675464840751005,0.00024672420948644856
2023-03-16,1.0583354234695435,1.0583354234695435,1.063456416130066,1.0555092096328735,1.0583354234695435,0,EURUSD=X,-0.01345147816798975,-0.013542768888188937
2023-03-17,1.0614134073257446,1.0614134073257446,1.0669625997543335,1.0612106323242188,1.0614134073257446,0,EURUSD=X,0.002908325458965244,0.002904104462518152
2023-03-20,1.0678855180740356,1.0678855180740356,1.0730534791946411,1.0632416009902954,1.0678855180740356,0,EURUSD=X,0.006097634252235196,0.006079118908904215
2023-03-21,1.071914792060852,1.071914792060852,1.0787253379821777,1.070491909980774,1.071914792060852,0,EURUSD=X,0.003773132904811183,0.003766032493777598
2023-03-22,1.0774236917495728,1.0774236917495728,1.0801469087600708,1.0759514570236206,1.0774236917495728,0,EURUSD=X,0.005139307461304199,0.0051261462943097014
2023-03-23,1.0870392322540283,1.0870392322540283,1.0928997993469238,1.0868619680404663,1.0870392322540283,0,EURUSD=X,0.008924567538366901,0.008884978951823826
2023-03-24,1.0835057497024536,1.0835057497024536,1.0839003324508667,1.0718917846679688,1.0835057497024536,0,EURUSD=X,-0.00325055660065543,-0.003255851136334388
2023-03-27,1.077818512916565,1.077818512916565,1.0795999765396118,1.074806571006775,1.077818512916565,0,EURUSD=X,-0.005248921648501104,-0.0052627456329634136
2023-03-28,1.0807071924209595,1.0807071924209595,1.08489990234375,1.0804035663604736,1.0807071924209595,0,EURUSD=X,0.002680116800534149,0.0026765316917468037
2023-03-29,1.0839520692825317,1.0839520692825317,1.0871999263763428,1.0821340084075928,1.0839520692825317,0,EURUSD=X,0.0030025495197298913,0.0029980508706156195
2023-03-30,1.0843634605407715,1.0843634605407715,1.0923947095870972,1.0826963186264038,1.0843634605407715,0,EURUSD=X,0.00037952901230409175,0.0003794570093860563
2023-03-31,1.0904649496078491,1.0904649496078491,1.0925856828689575,1.086059331893921,1.0904649496078491,0,EURUSD=X,0.005626793311566347,0.00561102204353346
2023-04-03,1.0803335905075073,1.0803335905075073,1.0915720462799072,1.078934907913208,1.0803335905075073,0,EURUSD=X,-0.009290861759458813,-0.009334291021729486
2023-04-04,1.091226577758789,1.091226577758789,1.0971648693084717,1.0883879661560059,1.091226577758789,0,EURUSD=X,0.010082984873371004,0.010032490718915267
2023-04-05,1.0960105657577515,1.0960105657577515,1.0969241857528687,1.0905362367630005,1.0960105657577515,0,EURUSD=X,0.004384046445045309,0.004374464508325442
2023-04-06,1.090334177017212,1.090334177017212,1.0930156707763672,1.0885539054870605,1.090334177017212,0,EURUSD=X,-0.005179136878680546,-0.005192595096162501
2023-04-07,1.0920130014419556,1.0920130014419556,1.0925379991531372,1.0881037712097168,1.0920130014419556,0,EURUSD=X,0.0015397338358560386,0.001538549661100185
2023-04-10,1.0913575887680054,1.0913575887680054,1.0918222665786743,1.0832475423812866,1.0913575887680054,0,EURUSD=X,-0.0006001876104815285,-0.0006003677951654333
2023-04-11,1.086932897567749,1.086932897567749,1.0926692485809326,1.0868029594421387,1.086932897567749,0,EURUSD=X,-0.004054300117389831,-0.004062541073859795
2023-04-12,1.0917507410049438,1.0917507410049438,1.099855899810791,1.091524362564087,1.0917507410049438,0,EURUSD=X,0.0044325122994950394,0.004422717649457876
2023-04-13,1.0999890565872192,1.0999890565872192,1.1068999767303467,1.0981649160385132,1.0999890565872192,0,EURUSD=X,0.0075459674748579175,0.007517639083118104
2023-04-14,1.1054610013961792,1.1054610013961792,1.1075423955917358,1.0978032350540161,1.1054610013961792,0,EURUSD=X,0.004974544770415257,0.004962212603613521
2023-04-17,1.098659634590149,1.098659634590149,1.0999042987823486,1.0910717248916626,1.098659634590149,0,EURUSD=X,-0.006152516278222664,-0.0061715209978287396
2023-04-18,1.0925379991531372,1.0925379991531372,1.0983458757400513,1.0922753810882568,1.0925379991531372,0,EURUSD=X,-0.0055719125780892,-0.005587493587279635
2023-04-19,1.0975382328033447,1.0975382328033447,1.098659634590149,1.0918341875076294,1.0975382328033447,0,EURUSD=X,0.004576713719873782,0.004566272411435851
2023-04-20,1.095218300819397,1.095218300819397,1.0989010334014893,1.0934339761734009,1.095218300819397,0,EURUSD=X,-0.0021137596072823284,-0.002115996750198505
2023-04-21,1.0970927476882935,1.0970927476882935,1.099251389503479,1.0939722061157227,1.0970927476882935,0,EURUSD=X,0.0017114824208963597,0.0017100195037912675
2023-04-24,1.0992271900177002,1.0992271900177002,1.103423833847046,1.0968761444091797,1.0992271900177002,0,EURUSD=X,0.0019455441063704892,0.0019436539865794662
2023-04-25,1.1059499979019165,1.1059499979019165,1.1068068742752075,1.0969241857528687,1.1059499979019165,0,EURUSD=X,0.006115940312673818,0.006097313856667734
2023-04-26,1.0978394746780396,1.0978394746780396,1.109410047531128,1.0969241857528687,1.0978394746780396,0,EURUSD=X,-0.007333535186277218,-0.007360557750447326
2023-04-27,1.1047282218933105,1.1047282218933105,1.1065618991851807,1.0994206666946411,1.1047282218933105,0,EURUSD=X,0.006274821933590191,0.006255217206481515
2023-04-28,1.1032048463821411,1.1032048463821411,1.1043744087219238,1.0965633392333984,1.1032048463821411,0,EURUSD=X,-0.0013789595313846714,-0.0013799111710282468
2023-05-01,1.1010911464691162,1.1010911464691162,1.103557825088501,1.0966956615447998,1.1010911464691162,0,EURUSD=X,-0.0019159632229287515,-0.0019178010282847264
2023-05-02,1.0969241857528687,1.0969241857528687,1.1005216836929321,1.0943553447723389,1.0969241857528687,0,EURUSD=X,-0.0037843921728094587,-0.003791571102515303
2023-05-03,1.1010911464691162,1.1010911464691162,1.1058155298233032,1.100594401359558,1.1010911464691162,0,EURUSD=X,0.003798768201457303,0.0037915711025152355
2023-05-04,1.1068925857543945,1.1068925857543945,1.109139323234558,1.0986838340759277,1.1068925857543945,0,EURUSD=X,0.005268809311456124,0.005254977698491383
2023-05-05,1.102292776107788,1.102292776107788,1.1048002243041992,1.0971648693084717,1.102292776107788,0,EURUSD=X,-0.0041556061589043125,-0.004164264686123018
2023-05-08,1.10186767578125,1.10186767578125,1.1053388118743896,1.1012487411499023,1.10186767578125,0,EURUSD=X,-0.0003856510137344449,-0.0003857253962110418
2023-05-09,1.0996140241622925,1.0996140241622925,1.1001100540161133,1.0944032669067383,1.0996140241622925,0,EURUSD=X,-0.0020453015080595938,-0.002047395993579254
2023-05-10,1.096467137336731,1.096467137336731,1.100473165512085,1.0942834615707397,1.096467137336731,0,EURUSD=X,-0.0028618103774721293,-0.002865913186300644
2023-05-11,1.098406195640564,1.098406195640564,1.0998680591583252,1.0901321172714233,1.098406195640564,0,EURUSD=X,0.0017684600274869844,0.0017668981432014084
2023-05-12,1.0912145376205444,1.0912145376205444,1.0935176610946655,1.085564136505127,1.0912145376205444,0,EURUSD=X,-0.006547357479011251,-0.006568885442957101
2023-05-15,1.0852696895599365,1.0852696895599365,1.0892059803009033,1.0848575830459595,1.0852696895599365,0,EURUSD=X,-0.005447918677449981,-0.0054628127053399055
2023-05-16,1.0873701572418213,1.0873701572418213,1.090358018875122,1.0856702327728271,1.0873701572418213,0,EURUSD=X,0.001935433839248324,0.0019335633003226245
2023-05-17,1.0865668058395386,1.0865668058395386,1.0875475406646729,1.081162929534912,1.0865668058395386,0,EURUSD=X,-0.0007388021428880176,-0.0007390751916854932
2023-05-18,1.0838346481323242,1.0838346481323242,1.0849517583847046,1.0765421390533447,1.0838346481323242,0,EURUSD=X,-0.0025144866312231118,-0.0025176532621469594
2023-05-19,1.0775396823883057,1.0775396823883057,1.082391619682312,1.0761018991470337,1.0775396823883057,0,EURUSD=X,-0.005808049922436109,-0.005824982238710198
2023-05-22,1.0822745561599731,1.0822745561599731,1.0830715894699097,1.0796570777893066,1.0822745561599731,0,EURUSD=X,0.00439415257651854,0.004384526476817772
2023-05-23,1.0811045169830322,1.0811045169830322,1.0821340084075928,1.0763798952102661,1.0811045169830322,0,EURUSD=X,-0.0010810927507085566,-0.0010816775529980448
2023-05-24,1.076971173286438,1.076971173286438,1.0799369812011719,1.0749683380126953,1.076971173286438,0,EURUSD=X,-0.00382326003791833,-0.003830587378759216
2023-05-25,1.0757315158843994,1.0757315158843994,1.0754191875457764,1.0709964036941528,1.0757315158843994,0,EURUSD=X,-0.0011510590374074203,-0.0011517220146606885
2023-05-26,1.0724436044692993,1.0724436044692993,1.0757546424865723,1.0702054500579834,1.0724436044692993,0,EURUSD=X,-0.0030564423990097067,-0.003061122858548678
2023-05-29,1.0723055601119995,1.0723055601119995,1.0745755434036255,1.0706294775009155,1.0723055601119995,0,EURUSD=X,-0.00012871945594572498,-0.00012872774100586773
2023-05-30,1.0707669258117676,1.0707669258117676,1.0745755434036255,1.067338466644287,1.0707669258117676,0,EURUSD=X,-0.001434884194828956,-0.0014359146269737272
2023-05-31,1.073306918144226,1.073306918144226,1.0738831758499146,1.06516695022583,1.073306918144226,0,EURUSD=X,0.002372124382281404,0.0023693153366323217
2023-06-01,1.0695186853408813,1.0695186853408813,1.0753995180130005,1.0664163827896118,1.0695186853408813,0,EURUSD=X,-0.0035294963065128915,-0.003535739673558048
2023-06-02,1.0760787725448608,1.0760787725448608,1.077934741973877,1.071811318397522,1.0760787725448608,0,EURUSD=X,0.0061336817148627265,0.006114947257608808
2023-06-05,1.0698620080947876,1.0698620080947876,1.0722709894180298,1.0674750804901123,1.0698620080947876,0,EURUSD=X,-0.005777239184238336,-0.005793991984985513
2023-06-06,1.0711798667907715,1.0711798667907715,1.073306918144226,1.0667349100112915,1.0711798667907715,0,EURUSD=X,0.0012318024997735044,0.001231044453519269
2023-06-07,1.0698047876358032,1.0698047876358032,1.074021577835083,1.0668829679489136,1.0698047876358032,0,EURUSD=X,-0.0012837051905092434,-0.0012845298458357445
2023-06-08,1.0707440376281738,1.0707440376281738,1.078283429145813,1.0702168941497803,1.0707440376281738,0,EURUSD=X,0.0008779639082063806,0.0008775787233301165
2023-06-09,1.078271746635437,1.078271746635437,1.0787487030029297,1.0747718811035156,1.078271746635437,0,EURUSD=X,0.007030353420354185,0.007005755705541979
2023-06-12,1.0750954151153564,1.0750954151153564,1.0789697170257568,1.073433518409729,1.0750954151153564,0,EURUSD=X,-0.002945761613426079,-0.002950108908663662
2023-06-13,1.0762988328933716,1.0762988328933716,1.0822510719299316,1.076055645942688,1.0762988328933716,0,EURUSD=X,0.0011193590458071778,0.001118733030584114
2023-06-14,1.078934907913208,1.078934907913208,1.085835337638855,1.077574610710144,1.078934907913208,0,EURUSD=X,0.0024492036405445727,0.0024462092295930112
2023-06-15,1.084304690361023,1.084304690361023,1.0938525199890137,1.0804269313812256,1.084304690361023,0,EURUSD=X,0.004976929014374631,0.004964585042939019
2023-06-16,1.0945948362350464,1.0945948362350464,1.0970999002456665,1.0920130014419556,1.0945948362350464,0,EURUSD=X,0.009490087025812999,0.0094453390353827
2023-06-19,1.0942115783691406,1.0942115783691406,1.0949305295944214,1.0911003351211548,1.0942115783691406,0,EURUSD=X,-0.0003501367384702858,-0.00035019805065028125
2023-06-20,1.0924304723739624,1.0924304723739624,1.0945229530334473,1.0894551277160645,1.0924304723739624,0,EURUSD=X,-0.0016277528317081291,-0.0016290790607261115
2023-06-21,1.0920368432998657,1.0920368432998657,1.0961307287216187,1.0906671285629272,1.0920368432998657,0,EURUSD=X,-0.0003603241433216553,-0.00036038907566404775
2023-06-22,1.0992635488510132,1.0992635488510132,1.1011154651641846,1.095110297203064,1.0992635488510132,0,EURUSD=X,0.006617638951915028,0.006595838504738627
2023-06-23,1.0958904027938843,1.0958904027938843,1.0958904027938843,1.0845046043395996,1.0958904027938843,0,EURUSD=X,-0.003068550813546622,-0.0030732684689764585
2023-06-26,1.0906671285629272,1.0906671285629272,1.0921800136566162,1.088814616203308,1.0906671285629272,0,EURUSD=X,-0.004766237771259507,-0.004777632503592157
2023-06-27,1.091048002243042,1.091048002243042,1.0976104736328125,1.0903223752975464,1.091048002243042,0,EURUSD=X,0.0003492116615053664,0.00034915070130469645
2023-06-28,1.0957223176956177,1.0957223176956177,1.0962508916854858,1.0899657011032104,1.0957223176956177,0,EURUSD=X,0.004284243629030016,0.004275092385421326
2023-06-29,1.0915838479995728,1.0915838479995728,1.094067931175232,1.0862362384796143,1.0915838479995728,0,EURUSD=X,-0.00377693292288539,-0.0037840835446616475
2023-06-30,1.0868029594421387,1.0868029594421387,1.0933741331100464,1.0836466550827026,1.0868029594421387,0,EURUSD=X,-0.004379772168849438,-0.004389391468143035
2023-07-03,1.0907504558563232,1.0907504558563232,1.093135118484497,1.0871810913085938,1.0907504558563232,0,EURUSD=X,0.0036322098498984268,0.0036256293054998654
2023-07-04,1.091309905052185,1.091309905052185,1.0918222665786743,1.0890754461288452,1.091309905052185,0,EURUSD=X,0.0005129030135702095,0.0005127715237786305
2023-07-05,1.0884946584701538,1.0884946584701538,1.0906195640563965,1.086507797241211,1.0884946584701538,0,EURUSD=X,-0.002579694886849393,-0.002583028033271871
2023-07-06,1.0856584310531616,1.0856584310531616,1.0901559591293335,1.083435297012329,1.0856584310531616,0,EURUSD=X,-0.0026056420166346017,-0.002609042610231512
2023-07-07,1.0890636444091797,1.0890636444091797,1.096467137336731,1.0868619680404663,1.0890636444091797,0,EURUSD=X,0.0031365420823148416,0.0031316333957207934
2023-07-10,1.0969723463058472,1.0969723463058472,1.0992755889892578,1.0944511890411377,1.0969723463058472,0,EURUSD=X,0.007261928113446503,0.007235687276283276
2023-07-11,1.100594401359558,1.100594401359558,1.1025601625442505,1.0978635549545288,1.100594401359558,0,EURUSD=X,0.0033018654170349215,0.0032964262291078506
2023-07-12,1.101406455039978,1.101406455039978,1.1125946044921875,1.1012852191925049,1.101406455039978,0,EURUSD=X,0.0007378319201123418,0.0007375598559580265
2023-07-13,1.1144545078277588,1.1144545078277588,1.1196202039718628,1.113065242767334,1.1144545078277588,0,EURUSD=X,0.011846719009202866,0.011777095963888725
2023-07-14,1.1223469972610474,1.1223469972610474,1.12447988986969,1.1206114292144775,1.1223469972610474,0,EURUSD=X,0.007081930556925409,0.007056971456513566
2023-07-17,1.1227755546569824,1.1227755546569824,1.125112533569336,1.1205486059188843,1.1227755546569824,0,EURUSD=X,0.00038184037288013783,0.00038176749039734993
2023-07-18,1.1237596273422241,1.1237596273422241,1.1275737285614014,1.1220070123672485,1.1237596273422241,0,EURUSD=X,0.0008764642952547863,0.0008760804247072025
2023-07-19,1.1228890419006348,1.1228890419006348,1.123974323272705,1.1176306009292603,1.1228890419006348,0,EURUSD=X,-0.0007747078827242682,-0.0007750081239522248
2023-07-20,1.120523452758789,1.120523452758789,1.12296462059021,1.1133129596710205,1.120523452758789,0,EURUSD=X,-0.0021066989289000304,-0.0021089211406578354
2023-07-21,1.113709807395935,1.113709807395935,1.1147029399871826,1.110962986946106,1.113709807395935,0,EURUSD=X,-0.0060807699705690554,-0.006099333142796828
2023-07-24,1.112532615661621,1.112532615661621,1.114504098892212,1.1068804264068604,1.112532615661621,0,EURUSD=X,-0.0010570004201242433,-0.0010575594390251743
2023-07-25,1.1063170433044434,1.1063170433044434,1.1088933944702148,1.1022076606750488,1.1063170433044434,0,EURUSD=X,-0.005586867539592366,-0.0056025324565005105
2023-07-26,1.1050456762313843,1.1050456762313843,1.1086474657058716,1.1038380861282349,1.1050456762313843,0,EURUSD=X,-0.001149188725558914,-0.0011498495492449896
2023-07-27,1.1078368425369263,1.1078368425369263,1.115200161933899,1.0984907150268555,1.1078368425369263,0,EURUSD=X,0.002525837950030141,0.002522653382695378
2023-07-28,1.0978755950927734,1.0978755950927734,1.1046794652938843,1.0947027206420898,1.0978755950927734,0,EURUSD=X,-0.00899161957941541,-0.009032288158556577
2023-07-31,1.1024264097213745,1.1024264097213745,1.1045451164245605,1.100618600845337,1.1024264097213745,0,EURUSD=X,0.004145109563362226,0.004136542263487282
2023-08-01,1.0997591018676758,1.0997591018676758,1.1002310514450073,1.095446228981018,1.0997591018676758,0,EURUSD=X,-0.0024194883487713703,-0.0024224200404568785
2023-08-02,1.1007881164550781,1.1007881164550781,1.1007033586502075,1.0919772386550903,1.1007881164550781,0,EURUSD=X,0.000935672717465863,0.0009352352486126049
2023-08-03,1.0944151878356934,1.0944151878356934,1.0953983068466187,1.0913575887680054,1.0944151878356934,0,EURUSD=X,-0.005789423526761706,-0.00580624720349853
2023-08-04,1.095158338546753,1.095158338546753,1.1040940284729004,1.0936251878738403,1.095158338546753,0,EURUSD=X,0.0006790391062911905,0.000678808663551108
2023-08-07,1.1002674102783203,1.1002674102783203,1.1012003421783447,1.096611499786377,1.1002674102783203,0,EURUSD=X,0.0046651443464760245,0.004654296286017525
2023-08-08,1.100315809249878,1.100315809249878,1.1009820699691772,1.0930992364883423,1.100315809249878,0,EURUSD=X,4.398837146823986e-05,4.3987404008198875e-05
2023-08-09,1.0958904027938843,1.0958904027938843,1.0994327068328857,1.0955902338027954,1.0958904027938843,0,EURUSD=X,-0.004021942081347207,-0.0040300518423631165
2023-08-10,1.0977671146392822,1.0977671146392822,1.1058399677276611,1.096803903579712,1.0977671146392822,0,EURUSD=X,0.0017124995716848446,0.0017110349162028462
2023-08-11,1.0981649160385132,1.0981649160385132,1.1004369258880615,1.0951822996139526,1.0981649160385132,0,EURUSD=X,0.00036237321552645696,0.0003623075742100826
2023-08-14,1.094439148902893,1.094439148902893,1.0960345268249512,1.087748646736145,1.094439148902893,0,EURUSD=X,-0.003392720966774565,-0.0033984892951348677
2023-08-15,1.0909883975982666,1.0909883975982666,1.0949664115905762,1.0900845527648926,1.0909883975982666,0,EURUSD=X,-0.003152985991122126,-0.003157967124503774
2023-08-16,1.0904173851013184,1.0904173851013184,1.0934697389602661,1.0897756814956665,1.0904173851013184,0,EURUSD=X,-0.0005233900728965901,-0.0005235270892915599
2023-08-17,1.0874884128570557,1.0874884128570557,1.0917268991470337,1.0862362384796143,1.0874884128570557,0,EURUSD=X,-0.0026861019315007617,-0.0026897159765402793
2023-08-18,1.0874648094177246,1.0874648094177246,1.089561939239502,1.0846457481384277,1.0874648094177246,0,EURUSD=X,-2.170454328709326e-05,-2.170477883410121e-05
2023-08-21,1.087559461593628,1.087559461593628,1.0913575887680054,1.0870628356933594,1.087559461593628,0,EURUSD=X,8.703930010756089e-05,8.703551240746353e-05
2023-08-22,1.0898351669311523,1.0898351669311523,1.093199610710144,1.0834001302719116,1.0898351669311523,0,EURUSD=X,0.0020924881975554754,0.0020903019933335067
2023-08-23,1.0846692323684692,1.0846692323684692,1.0870510339736938,1.0802985429763794,1.0846692323684692,0,EURUSD=X,-0.004740106320141768,-0.004751376251991785
2023-08-24,1.086578607559204,1.086578607559204,1.0876895189285278,1.081548810005188,1.086578607559204,0,EURUSD=X,0.0017603294476837839,0.001758781883683745
2023-08-25,1.07991361618042,1.07991361618042,1.0839755535125732,1.076669692993164,1.07991361618042,0,EURUSD=X,-0.006133924717840578,-0.006152814519424532
2023-08-28,1.0797386169433594,1.0797386169433594,1.0821340084075928,1.0799369812011719,1.0797386169433594,0,EURUSD=X,-0.00016204929212715324,-0.00016206242353233513
2023-08-29,1.0825556516647339,1.0825556516647339,1.0856702327728271,1.0783531665802002,1.0825556516647339,0,EURUSD=X,0.002608996915706596,0.0026055993913908
2023-08-30,1.0869210958480835,1.0869210958480835,1.094546914100647,1.085611343383789,1.0869210958480835,0,EURUSD=X,0.004032535580629437,0.004024426701278006
2023-08-31,1.0932546854019165,1.0932546854019165,1.0939722061157227,1.0837171077728271,1.0932546854019165,0,EURUSD=X,0.005827092305068504,0.005810180468786455
2023-09-01,1.0844104290008545,1.0844104290008545,1.0880801677703857,1.0785857439041138,1.0844104290008545,0,EURUSD=X,-0.008089840838697682,-0.008122741160144649
2023-09-04,1.07758629322052,1.07758629322052,1.080905795097351,1.0774004459381104,1.07758629322052,0,EURUSD=X,-0.006292945547030637,-0.006312829592228983
2023-09-05,1.0794472694396973,1.0794472694396973,1.07991361618042,1.0707554817199707,1.0794472694396973,0,EURUSD=X,0.0017269857930499732,0.0017254962677647017
2023-09-06,1.0726161003112793,1.0726161003112793,1.0748181343078613,1.0705147981643677,1.0726161003112793,0,EURUSD=X,-0.006328395394398223,-0.006348504572645787
2023-09-07,1.0724204778671265,1.0724204778671265,1.0734220743179321,1.068764328956604,1.0724204778671265,0,EURUSD=X,-0.00018237880644911275,-0.00018239543948600666
2023-09-08,1.0697818994522095,1.0697818994522095,1.0742061138153076,1.0695072412490845,1.0697818994522095,0,EURUSD=X,-0.0024603954040161025,-0.0024634271506727887
2023-09-11,1.071811318397522,1.071811318397522,1.0756852626800537,1.0711455345153809,1.071811318397522,0,EURUSD=X,0.0018970398979003544,0.0018952427901443828
2023-09-12,1.0750375986099243,1.0750375986099243,1.0762641429901123,1.070617914199829,1.0750375986099243,0,EURUSD=X,0.0030101195583809304,0.003005598219411332
2023-09-13,1.075326681137085,1.075326681137085,1.0765421390533447,1.0717424154281616,1.075326681137085,0,EURUSD=X,0.0002689045736952167,0.00026886842534049965
2023-09-14,1.0734220743179321,1.0734220743179321,1.0755001306533813,1.065507411956787,1.0734220743179321,0,EURUSD=X,-0.001771189028006659,-0.0017727594378955903
2023-09-15,1.0637166500091553,1.0637166500091553,1.068764328956604,1.0634677410125732,1.0637166500091553,0,EURUSD=X,-0.009041573245960888,-0.00908269633529821
2023-09-18,1.0668259859085083,1.0668259859085083,1.0698162317276,1.0656323432922363,1.0668259859085083,0,EURUSD=X,0.002923086612704795,0.002918822702197699
2023-09-19,1.0692671537399292,1.0692671537399292,1.071926236152649,1.0676347017288208,1.0692671537399292,0,EURUSD=X,0.0022882530643852927,0.0022856390003425054
2023-09-20,1.0682048797607422,1.0682048797607422,1.0726966857910156,1.0675777196884155,1.0682048797607422,0,EURUSD=X,-0.0009934598434746533,-0.0009939536517845262
2023-09-21,1.065303087234497,1.065303087234497,1.0673611164093018,1.0619093179702759,1.065303087234497,0,EURUSD=X,-0.0027165130783666225,-0.0027202094957808733
2023-09-22,1.0661548376083374,1.0661548376083374,1.0671560764312744,1.0615260601043701,1.0661548376083374,0,EURUSD=X,0.0007995380695380305,0.0007992186092448136
2023-09-25,1.0648492574691772,1.0648492574691772,1.0655415058135986,1.0577309131622314,1.0648492574691772,0,EURUSD=X,-0.0012245689773250357,-0.00122531937458651
2023-09-26,1.0591648817062378,1.0591648817062378,1.060895323753357,1.0568143129348755,1.0591648817062378,0,EURUSD=X,-0.005338197611603257,-0.005352496698744066
2023-09-27,1.0569483041763306,1.0569483041763306,1.057373046875,1.0509058237075806,1.0569483041763306,0,EURUSD=X,-0.0020927596526203462,-0.0020949525340855537
2023-09-28,1.0505305528640747,1.0505305528640747,1.0578652620315552,1.049185872077942,1.0505305528640747,0,EURUSD=X,-0.006071963299337679,-0.006090472631852323
2023-09-29,1.0562450885772705,1.0562450885772705,1.0617965459823608,1.0558546781539917,1.0562450885772705,0,EURUSD=X,0.005439666364406293,0.005424924814573403
2023-10-02,1.0565240383148193,1.0565240383148193,1.0590976476669312,1.0492738485336304,1.0565240383148193,0,EURUSD=X,0.0002640956540915784,0.0002640607869730246
2023-10-03,1.0480751991271973,1.0480751991271973,1.049428105354309,1.0449867248535156,1.0480751991271973,0,EURUSD=X,-0.007996826272971713,-0.008028972380780982
2023-10-04,1.0472300052642822,1.0472300052642822,1.0532413721084595,1.045369029045105,1.0472300052642822,0,EURUSD=X,-0.0008064248286944187,-0.0008067501641140518
2023-10-05,1.0507071018218994,1.0507071018218994,1.0536853075027466,1.0500892400741577,1.0507071018218994,0,EURUSD=X,0.0033202797285585284,0.003314779770723716
2023-10-06,1.0546631813049316,1.0546631813049316,1.0598160028457642,1.0483938455581665,1.0546631813049316,0,EURUSD=X,0.00376515917344844,0.003758088703719646
2023-10-09,1.056747317314148,1.056747317314148,1.0576413869857788,1.0521442890167236,1.056747317314148,0,EURUSD=X,0.001976115262350975,0.0019741653150437614
2023-10-10,1.0578875541687012,1.0578875541687012,1.061954379081726,1.0555983781814575,1.0578875541687012,0,EURUSD=X,0.0010790061501657622,0.0010784244414369746
2023-10-11,1.0604791641235352,1.0604791641235352,1.063354730606079,1.0592771768569946,1.0604791641235352,0,EURUSD=X,0.0024497971874435365,0.0024468013261512104
2023-10-12,1.0624282360076904,1.0624282360076904,1.0639089345932007,1.0545964241027832,1.0624282360076904,0,EURUSD=X,0.0018379162458757037,0.0018362293444184133
2023-10-13,1.0536741018295288,1.0536741018295288,1.0558546781539917,1.0496152639389038,1.0536741018295288,0,EURUSD=X,-0.008239741642275256,-0.008273875947999566
2023-10-16,1.0521553754806519,1.0521553754806519,1.055464744567871,1.0516352653503418,1.0521553754806519,0,EURUSD=X,-0.0014413625107041472,-0.0014424022728840294
2023-10-17,1.0554312467575073,1.0554312467575073,1.0595004558563232,1.0533411502838135,1.0554312467575073,0,EURUSD=X,0.003113486233303764,0.0031086493721078946
2023-10-18,1.057305932044983,1.057305932044983,1.0595465898513794,1.0527091026306152,1.057305932044983,0,EURUSD=X,0.0017762268203020959,0.0017746511949462836
2023-10-19,1.053851842880249,1.053851842880249,1.0585371255874634,1.0528864860534668,1.053851842880249,0,EURUSD=X,-0.003266877693623771,-0.0032722255890128117
2023-10-20,1.0586491823196411,1.0586491823196411,1.0601080656051636,1.056579828262329,1.0586491823196411,0,EURUSD=X,0.004552195331632758,0.004541865427760706
2023-10-23,1.0589966773986816,1.0589966773986816,1.064736008644104,1.057183027267456,1.0589966773986816,0,EURUSD=X,0.00032824384587826216,0.000328189985652953
2023-10-24,1.0669853687286377,1.0669853687286377,1.0690499544143677,1.0584250688552856,1.0669853687286377,0,EURUSD=X,0.007543641543408253,0.007515330568956494
2023-10-25,1.059535264968872,1.059535264968872,1.0606703758239746,1.0566803216934204,1.059535264968872,0,EURUSD=X,-0.006982386055249035,-0.007006876982751212
2023-10-26,1.056725025177002,1.056725025177002,1.0569707155227661,1.0526316165924072,1.056725025177002,0,EURUSD=X,-0.0026523324751750454,-0.0026558561409556923
2023-10-27,1.0564459562301636,1.0564459562301636,1.0597710609436035,1.053629755973816,1.0564459562301636,0,EURUSD=X,-0.0002640885189518771,-0.000264123396465434
2023-10-30,1.0562450885772705,1.0562450885772705,1.0625998973846436,1.054841160774231,1.0562450885772705,0,EURUSD=X,-0.0001901352849225102,-0.00019015336292734387
2023-10-31,1.061503529548645,1.061503529548645,1.0669056177139282,1.0567585229873657,1.061503529548645,0,EURUSD=X,0.0049784288024075085,0.00496607740248526
2023-11-01,1.0579099655151367,1.0579099655151367,1.0580778121948242,1.0522881746292114,1.0579099655151367,0,EURUSD=X,-0.003385352882468773,-0.0033910961552048305
2023-11-02,1.05870521068573,1.05870521068573,1.067008137702942,1.0584250688552856,1.05870521068573,0,EURUSD=X,0.0007517134694974281,0.0007514310744385675
2023-11-03,1.0619093179702759,1.0619093179702759,1.0736998319625854,1.0615485906600952,1.0619093179702759,0,EURUSD=X,0.0030264395151795576,0.003021869066246271
2023-11-06,1.0732147693634033,1.0732147693634033,1.075700283050537,1.0723400115966797,1.0732147693634033,0,EURUSD=X,0.010646343526523161,0.010590070261934715
2023-11-07,1.0721560716629028,1.0721560716629028,1.0721560716629028,1.0664732456207275,1.0721560716629028,0,EURUSD=X,-0.0009864732863567038,-0.0009869601713547505
2023-11-08,1.0696102380752563,1.0696102380752563,1.071604609489441,1.0660640001296997,1.0696102380752563,0,EURUSD=X,-0.0023744990630868434,-0.0023773226566195147
2023-11-09,1.0710422992706299,1.0710422992706299,1.0728002786636353,1.0681477785110474,1.0710422992706299,0,EURUSD=X,0.0013388626477159882,0.0013379671703129812
2023-11-10,1.0667576789855957,1.0667576789855957,1.0692557096481323,1.0657685995101929,1.0667576789855957,0,EURUSD=X,-0.00400042116726107,-0.0040084442563240764
2023-11-13,1.069015622138977,1.069015622138977,1.0705492496490479,1.0665528774261475,1.069015622138977,0,EURUSD=X,0.0021166411059054813,0.0021144041770807375
2023-11-14,1.0701825618743896,1.0701825618743896,1.08672034740448,1.0693585872650146,1.0701825618743896,0,EURUSD=X,0.0010916021349414162,0.0010910067705588759
2023-11-15,1.0878314971923828,1.0878314971923828,1.0887316465377808,1.0832945108413696,1.0878314971923828,0,EURUSD=X,0.01649151831354989,0.016357010041172345
2023-11-16,1.0854581594467163,1.0854581594467163,1.0893957614898682,1.0830950736999512,1.0854581594467163,0,EURUSD=X,-0.002181714495114284,-0.002184097901422437
2023-11-17,1.0853756666183472,1.0853756666183472,1.089229702949524,1.0825204849243164,1.0853756666183472,0,EURUSD=X,-7.599816506165258e-05,-7.600105306852202e-05
2023-11-20,1.090702772140503,1.090702772140503,1.0945110321044922,1.0897995233535767,1.090702772140503,0,EURUSD=X,0.00490807531990578,0.004896069984269191
2023-11-21,1.0945948362350464,1.0945948362350464,1.0967316627502441,1.0922993421554565,1.0945948362350464,0,EURUSD=X,0.0035684002956233307,0.0035620486609204824
2023-11-22,1.0918222665786743,1.0918222665786743,1.0922515392303467,1.0854581594467163,1.0918222665786743,0,EURUSD=X,-0.002532964312081498,-0.002536177693585343
2023-11-23,1.0890873670578003,1.0890873670578003,1.0927051305770874,1.0888028144836426,1.0890873670578003,0,EURUSD=X,-0.002504894436201721,-0.0025080369331155557
2023-11-24,1.0906314849853516,1.0906314849853516,1.0944151878356934,1.089561939239502,1.0906314849853516,0,EURUSD=X,0.0014178090521081987,0.0014168049098633336
2023-11-27,1.0940439701080322,1.0940439701080322,1.0959264039993286,1.0925856828689575,1.0940439701080322,0,EURUSD=X,0.003128907582130358,0.0031240227376338517
2023-11-28,1.0958423614501953,1.0958423614501953,1.1007153987884521,1.0935057401657104,1.0958423614501953,0,EURUSD=X,0.0016438017038615804,0.0016424521405813044
2023-11-29,1.100594401359558,1.100594401359558,1.1016855239868164,1.096118688583374,1.100594401359558,0,EURUSD=X,0.0043364265486818265,0.004327051344560121
2023-11-30,1.0973695516586304,1.0973695516586304,1.098538875579834,1.0894907712936401,1.0973695516586304,0,EURUSD=X,-0.002930098224145139,-0.002934399365846547
2023-12-01,1.0892059803009033,1.0892059803009033,1.0913456678390503,1.0831537246704102,1.0892059803009033,0,EURUSD=X,-0.00743921803314862,-0.0074670270195374205
2023-12-04,1.088814616203308,1.088814616203308,1.0887316465377808,1.0805671215057373,1.088814616203308,0,EURUSD=X,-0.0003593113742242915,-0.00035937594202320786
2023-12-05,1.0837758779525757,1.0837758779525757,1.0848339796066284,1.078260064125061,1.0837758779525757,0,EURUSD=X,-0.004627728334785308,-0.004638469420250361
2023-12-06,1.0793657302856445,1.0793657302856445,1.0803686380386353,1.0773192644119263,1.0793657302856445,0,EURUSD=X,-0.004069243241750842,-0.004077545141317364
2023-12-07,1.076669692993164,1.076669692993164,1.0796804428100586,1.0757662057876587,1.076669692993164,0,EURUSD=X,-0.0024977977499498483,-0.0025009224510818134
2023-12-08,1.079214334487915,1.079214334487915,1.0800535678863525,1.0731456279754639,1.079214334487915,0,EURUSD=X,0.00236343746955181,0.002360648944021793
2023-12-11,1.0765769481658936,1.0765769481658936,1.077934741973877,1.0743216276168823,1.0765769481658936,0,EURUSD=X,-0.002443802160275177,-0.0024467931186417952
2023-12-12,1.076658010482788,1.076658010482788,1.0822042226791382,1.0761829614639282,1.076658010482788,0,EURUSD=X,7.529635204672758e-05,7.529351741870235e-05
2023-12-13,1.0798670053482056,1.0798670053482056,1.0808240175247192,1.0774004459381104,1.0798670053482056,0,EURUSD=X,0.0029805145498138508,0.0029760816224084843
2023-12-14,1.0886130332946777,1.0886130332946777,1.1004126071929932,1.088020920753479,1.0886130332946777,0,EURUSD=X,0.008099171382361048,0.00806654911765613
2023-12-15,1.0993602275848389,1.0993602275848389,1.100594401359558,1.0902271270751953,1.0993602275848389,0,EURUSD=X,0.009872373342467489,0.009823959841428205
2023-12-18,1.0895264148712158,1.0895264148712158,1.0930036306381226,1.0894551277160645,1.0895264148712158,0,EURUSD=X,-0.008945032271384545,-0.008985279259387994
2023-12-19,1.092382788658142,1.092382788658142,1.098799705505371,1.091607689857483,1.092382788658142,0,EURUSD=X,0.0026216654758792757,0.002618234905509399
2023-12-20,1.0981045961380005,1.0981045961380005,1.09797203540802,1.0935654640197754,1.0981045961380005,0,EURUSD=X,0.0052379143458374244,0.005224244187125721
2023-12-21,1.0945708751678467,1.0945708751678467,1.099976897239685,1.0936251878738403,1.0945708751678467,0,EURUSD=X,-0.0032180185590533483,-0.003223207515873198
2023-12-22,1.100618600845337,1.100618600845337,1.1040574312210083,1.0994206666946411,1.100618600845337,0,EURUSD=X,0.005525202446632571,0.005509994507838045
2023-12-25,1.102657437324524,1.102657437324524,1.1042402982711792,1.0999890565872192,1.102657437324524,0,EURUSD=X,0.0018524459586828357,0.0018507322966524104
2023-12-26,1.1020255088806152,1.1020255088806152,1.1039965152740479,1.1009578704833984,1.1020255088806152,0,EURUSD=X,-0.0005730958886397408,-0.0005732601708578364
2023-12-27,1.1043012142181396,1.1043012142181396,1.1122480630874634,1.1029249429702759,1.1043012142181396,0,EURUSD=X,0.002065020563667419,0.002062891339460544
2023-12-28,1.110864281654358,1.110864281654358,1.113945484161377,1.1071009635925293,1.110864281654358,0,EURUSD=X,0.0059431859276410925,0.005925594861729413
2023-12-29,1.1068191528320312,1.1068191528320312,1.1086474657058716,1.1043256521224976,1.1068191528320312,0,EURUSD=X,-0.003641424869924248,-0.003648070996618757
2024-01-01,1.1055831909179688,1.1055831909179688,1.1053388118743896,1.1039965152740479,1.1055831909179688,0,EURUSD=X,-0.0011166791890978578,-0.0011173031398486696
2024-01-02,1.1038745641708374,1.1038745641708374,1.1046061515808105,1.0941996574401855,1.1038745641708374,0,EURUSD=X,-0.0015454528986756921,-0.0015466483428338857
2024-01-03,1.0941756963729858,1.0941756963729858,1.0967004299163818,1.0898706912994385,1.0941756963729858,0,EURUSD=X,-0.008786204622023064,-0.008825030908954975
2024-01-04,1.0927767753601074,1.0927767753601074,1.0970205068588257,1.0917030572891235,1.0927767753601074,0,EURUSD=X,-0.0012785158887330672,-0.0012793338874625213
2024-01-05,1.0947387218475342,1.0947387218475342,1.0996382236480713,1.0879853963851929,1.0947387218475342,0,EURUSD=X,0.0017953771819319009,0.0017937674187858852
2024-01-08,1.0942236185073853,1.0942236185073853,1.0978153944015503,1.092454433441162,1.0942236185073853,0,EURUSD=X,-0.00047052628163146704,-0.0004706370138586311
2024-01-09,1.095170259475708,1.095170259475708,1.0967316627502441,1.0912623405456543,1.095170259475708,0,EURUSD=X,0.0008651256948868369,0.0008647516893451855
2024-01-10,1.0932426452636719,1.0932426452636719,1.0969723463058472,1.0923351049423218,1.0932426452636719,0,EURUSD=X,-0.0017601046005020216,-0.0017616554045898074
2024-01-11,1.0975141525268555,1.0975141525268555,1.0991426706314087,1.0931470394134521,1.0975141525268555,0,EURUSD=X,0.003907190486658552,0.0038995772423958907
2024-01-12,1.0981649160385132,1.0981649160385132,1.098659634590149,1.0937089920043945,1.0981649160385132,0,EURUSD=X,0.000592943161743742,0.0005927674404056253
2024-01-15,1.0945708751678467,1.0945708751678467,1.0958904027938843,1.0934100151062012,1.0945708751678467,0,EURUSD=X,-0.0032727697071506245,-0.003278136931587735
2024-01-16,1.0945708751678467,1.0945708751678467,1.094666838645935,1.086708426475525,1.0945708751678467,0,EURUSD=X,0.0,0.0
2024-01-17,1.087878942489624,1.087878942489624,1.0884946584701538,1.0845398902893066,1.087878942489624,0,EURUSD=X,-0.006113749991014994,-0.006132515484610603
2024-01-18,1.0885775089263916,1.0885775089263916,1.0907504558563232,1.084869384765625,1.0885775089263916,0,EURUSD=X,0.0006421361876616238,0.0006419301064366271
2024-01-19,1.0879143476486206,1.0879143476486206,1.0892653465270996,1.0868265628814697,1.0879143476486206,0,EURUSD=X,-0.0006091998707791202,-0.0006093855084178445
2024-01-22,1.089229702949524,1.089229702949524,1.0909883975982666,1.0880327224731445,1.089229702949524,0,EURUSD=X,0.0012090614520767762,0.001208331125892878
2024-01-23,1.088020920753479,1.088020920753479,1.0918222665786743,1.0824267864227295,1.088020920753479,0,EURUSD=X,-0.0011097587522371777,-0.0011103749904406092
2024-01-24,1.0857881307601929,1.0857881307601929,1.0931470394134521,1.0851871967315674,1.0857881307601929,0,EURUSD=X,-0.00205215722482599,-0.002054265784688464
2024-01-25,1.088174819946289,1.088174819946289,1.0900371074676514,1.0826143026351929,1.088174819946289,0,EURUSD=X,0.002198116850315124,0.002195704525871863
2024-01-26,1.0847046375274658,1.0847046375274658,1.0883287191390991,1.0813382863998413,1.0847046375274658,0,EURUSD=X,-0.003188993491867853,-0.0031940891678824117
2024-01-29,1.0843517780303955,1.0843517780303955,1.084975242614746,1.079715371131897,1.0843517780303955,0,EURUSD=X,-0.0003253046819037264,-0.00032535760494948154
2024-01-30,1.0834470987319946,1.0834470987319946,1.085564136505127,1.0812681913375854,1.0834470987319946,0,EURUSD=X,-0.0008343042513787591,-0.0008346524768681695
2024-01-31,1.08433997631073,1.08433997631073,1.088565707206726,1.0807656049728394,1.08433997631073,0,EURUSD=X,0.0008241081449942289,0.0008237687543271816
2024-02-01,1.0803920030593872,1.0803920030593872,1.086555004119873,1.078027606010437,1.0803920030593872,0,EURUSD=X,-0.0036408998446917362,-0.003647544052697876
2024-02-02,1.0874648094177246,1.0874648094177246,1.0897995233535767,1.0783065557479858,1.0874648094177246,0,EURUSD=X,0.006546518613900432,0.006525183225310071
2024-02-05,1.0780043601989746,1.0780043601989746,1.0787487030029297,1.072466492652893,1.0780043601989746,0,EURUSD=X,-0.008699545159365218,-0.008737607110913186
2024-02-06,1.0741831064224243,1.0741831064224243,1.076310396194458,1.0724550485610962,1.0741831064224243,0,EURUSD=X,-0.0035447479784265212,-0.0035510454839929734
2024-02-07,1.075719952583313,1.075719952583313,1.0784345865249634,1.0756388902664185,1.075719952583313,0,EURUSD=X,0.001430711534839757,0.0014296890422369148
2024-02-08,1.077574610710144,1.077574610710144,1.0789813995361328,1.074310064315796,1.077574610710144,0,EURUSD=X,0.0017241086979722375,0.0017226241286986182
2024-02-09,1.0777255296707153,1.0777255296707153,1.0794472694396973,1.0763914585113525,1.0777255296707153,0,EURUSD=X,0.00014005430257113538,0.00014004449588293628
2024-02-12,1.0798202753067017,1.0798202753067017,1.0805437564849854,1.0757662057876587,1.0798202753067017,0,EURUSD=X,0.0019436726497759071,0.0019417861621718751
2024-02-13,1.0772264003753662,1.0772264003753662,1.079563856124878,1.0702054500579834,1.0772264003753662,0,EURUSD=X,-0.0024021357911608865,-0.0024050255479935757
2024-02-14,1.0708931684494019,1.0708931684494019,1.0734450817108154,1.069553017616272,1.0708931684494019,0,EURUSD=X,-0.005879202295596797,-0.00589655284375755
2024-02-15,1.0732147693634033,1.0732147693634033,1.0786322355270386,1.072524070739746,1.0732147693634033,0,EURUSD=X,0.0021679108452647977,0.002165564317311912
2024-02-16,1.0773887634277344,1.0773887634277344,1.0780508518218994,1.0734450817108154,1.0773887634277344,0,EURUSD=X,0.0038892439644739873,0.00388170040799465
2024-02-19,1.0784927606582642,1.0784927606582642,1.0789813995361328,1.0762988328933716,1.0784461498260498,0,EURUSD=X,0.0010246971826746165,0.0010241725388866125
2024-02-20,1.0775396823883057,1.0775396823883057,1.0838581323623657,1.0762524604797363,1.0775396823883057,0,EURUSD=X,-0.0008837131826242572,-0.0008841038873163796
2024-02-21,1.0813149213790894,1.0813149213790894,1.0822510719299316,1.0791910886764526,1.0813149213790894,0,EURUSD=X,0.003503573049315589,0.0034974498351770826
2024-02-22,1.0820403099060059,1.0820403099060059,1.0886249542236328,1.0805087089538574,1.0820403099060059,0,EURUSD=X,0.0006708392833341126,0.0006706143712430367
2024-02-23,1.0825674533843994,1.0825674533843994,1.0839403867721558,1.0813733339309692,1.0825674533843994,0,EURUSD=X,0.0004871754532318473,0.0004870568217987158
2024-02-26,1.0820051431655884,1.0820051431655884,1.0859060287475586,1.0813382863998413,1.081958293914795,0,EURUSD=X,-0.0005194228009101076,-0.0005195577476647977
2024-02-27,1.0850930213928223,1.0850930213928223,1.0866140127182007,1.0833649635314941,1.0850930213928223,0,EURUSD=X,0.002853848012403848,0.0028497835192923576
2024-02-28,1.084481120109558,1.084481120109558,1.0847163200378418,1.0798670053482056,1.084481120109558,0,EURUSD=X,-0.0005639159695992602,-0.0005640750300102595
2024-02-29,1.0838816165924072,1.0838816165924072,1.085587739944458,1.0805671215057373,1.0838816165924072,0,EURUSD=X,-0.0005528021705811792,-0.0005529550220347515
2024-03-01,1.0804970264434814,1.0804970264434814,1.0841518640518188,1.079925298690796,1.0804970264434814,0,EURUSD=X,-0.0031226566602047257,-0.0031275423260024677
2024-03-04,1.084269404411316,1.084269404411316,1.0866494178771973,1.0838581323623657,1.084269404411316,0,EURUSD=X,0.003491335816306229,0.0034852552521659795
