date,geo_score,geo_score_raw,nb_articles_scored
2022-01-03,-0.03150899380487513,-0.03150899380487513,13.0
2022-01-04,-0.06704793633864777,-0.1025868788724204,15.0
2022-01-05,0.05291101664098701,0.29282892260025656,7.0
2022-01-06,0.019411886529415678,-0.13200638413958912,5.0
2022-01-07,-0.06083479735319657,-0.34332693052025715,6.0
2022-01-10,-0.146016055045991,0.03728514952187333,9.0
2022-01-11,-0.09616102201639443,0.01755871494920045,7.0
2022-01-12,0.04736881427697264,0.08726257835984413,7.0
2022-01-13,0.06371157147374015,0.08631342111217588,6.0
2022-01-14,0.06536314428982692,0.022513433397460758,8.0
2022-01-18,0.030955729532228037,-0.015959665912952527,7.0
2022-01-19,-0.08929881649284432,-0.2744502169630412,8.0
2022-01-20,-0.18286511879345493,-0.25818547350437104,8.0
2022-01-21,-0.2518669959066267,-0.2229652972524678,13.0
2022-01-24,-0.3010858911924204,-0.42210690282042246,24.0
2022-01-25,-0.2882771833420548,-0.2197593499532741,8.0
2022-01-26,-0.29749898642672706,-0.25063070650648456,11.0
2022-01-27,-0.2395125621393238,-0.24814762995821266,5.0
2022-01-28,-0.22119423829217133,-0.1648043784118167,7.0
2022-01-31,-0.26680152175517374,-0.38745255689549174,11.0
2022-02-01,-0.22263331376012085,-0.11564300597305395,5.0
2022-02-02,-0.21932754972177682,-0.15488708629678458,8.0
2022-02-03,-0.06194517719309537,0.08469456069055253,10.0
2022-02-04,0.0032929909406102845,0.08007149842806302,8.0
2022-02-07,0.07211116282633467,0.05156742936038859,12.0
2022-02-08,0.051430232889170695,0.02265177087906057,11.0
2022-02-09,0.03830607919930193,0.04069903735845673,10.0
2022-02-10,-0.009064574210074556,-0.09054453086774085,7.0
2022-02-11,-0.01865980348847784,-0.0061339169561492775,10.0
2022-02-14,-0.05932610376441692,-0.08129986346936052,8.0
2022-02-15,-0.12477706875675487,-0.2868974258447547,7.0
2022-02-16,-0.25722631206824537,-0.40348164689062077,3.0
2022-02-17,-0.2219028866124733,0.024670412897955723,3.0
2022-02-18,-0.1968151376154056,-0.21163417885355157,6.0
2022-02-22,-0.22235282262268452,-0.4800947019124575,12.0
2022-02-23,-0.33670084260875965,-0.31837364706026977,17.0
2022-02-24,-0.2717937176874427,-0.016912804089600615,13.0
2022-02-25,-0.10295759945018902,0.02641365279930346,6.0
2022-02-28,0.0019961234197733526,-0.0035124784503826204,6.0
2022-03-01,0.06239405126477477,0.16428097944540365,8.0
2022-03-02,0.0905111839898924,0.11076505097465637,7.0
2022-03-03,0.07911149714850303,-0.03771153897455075,5.0
2022-03-04,-0.12853703643632264,-0.4586646213090734,9.0
2022-03-07,-0.2791420913168849,-0.34105011366703025,8.0
2022-03-08,-0.32147730101132166,-0.16471716805786127,2.0
2022-03-09,-0.3478250566171332,-0.5377078881265079,7.0
2022-03-10,-0.2014413685824151,0.09810095043712407,5.0
2022-03-11,-0.167272617507587,-0.06221091483337705,9.0
2022-03-14,-0.17160614872811167,-0.550708481788082,12.0
2022-03-15,-0.15730213729757303,0.14101298472874005,6.0
2022-03-16,-0.09759516505604748,0.11691000189119956,12.0
2022-03-17,0.13934494908642184,0.16011186063932598,6.0
2022-03-18,0.06280271410711591,-0.08861372020917768,6.0
2022-03-21,0.09159099450551965,0.20327484308641075,10.0
2022-03-22,0.03398196041828621,-0.012715241622374317,4.0
2022-03-23,0.01746177127775846,-0.13817428763076095,9.0
2022-03-24,-0.0907731280549597,-0.12142985491174377,8.0
2022-03-25,-0.12999728163161076,-0.13038770235232747,5.0
2022-03-28,-0.11841306743692213,-0.10342164504669504,10.0
2022-03-29,-0.11952488686824157,-0.12476531320570207,6.0
2022-03-30,-0.2136978753870147,-0.41290666790864694,6.0
2022-03-31,-0.10000593407719055,0.23765417888277746,7.0
2022-04-01,0.031040651851297563,0.2683744445797623,10.0
2022-04-04,0.239360213632708,0.2120520174355844,11.0
2022-04-05,0.15570695571799104,-0.013305594861373485,6.0
2022-04-06,-0.1409878298223188,-0.6217099120411672,8.0
2022-04-07,-0.1748579683719795,0.1104416017866023,7.0
2022-04-08,-0.11214540876494396,0.17483208395973315,6.0
2022-04-11,0.15433107554463796,0.17771954088757858,6.0
2022-04-12,0.15340182396789429,0.10765384705637127,5.0
2022-04-13,0.09827023610312141,0.009437320365414486,10.0
2022-04-14,0.043408397870374565,0.013134026189338066,10.0
2022-04-18,-0.02792984957437303,-0.10636089527787154,7.0
2022-04-19,-0.06882657698430789,-0.11325286186439006,7.0
2022-04-20,-0.24028370316628825,-0.501237352356603,8.0
2022-04-21,-0.28001049576886317,-0.2255412730855963,4.0
2022-04-22,-0.3148333823364587,-0.21772152156717664,7.0
2022-04-25,-0.0071791177583216586,0.42172544137780804,6.0
2022-04-26,-0.0014940849402184004,-0.20848617463128652,8.0
2022-04-27,0.043157247871014194,-0.08376752313347885,10.0
2022-04-28,-0.1702462197072543,-0.21848496135699735,4.0
2022-04-29,-0.2831388200470042,-0.5471639756505363,16.0
2022-05-02,-0.3803328172181533,-0.3753495146469263,9.0
2022-05-03,-0.33340920072949937,-0.07771411189103548,6.0
2022-05-04,-0.2410649093310189,-0.27013110145509495,8.0
2022-05-05,-0.19337716173533295,-0.23228627185986842,13.0
2022-05-06,-0.22942550039418885,-0.1858591278676032,8.0
2022-05-09,-0.2976956391633701,-0.47494151776263877,18.0
2022-05-10,-0.31590190429205883,-0.2869050672459345,16.0
2022-05-11,-0.3794697206288613,-0.3765625768780106,17.0
2022-05-12,-0.3488967896262228,-0.3832227247547234,11.0
2022-05-13,-0.373425720764938,-0.3604918606620801,12.0
2022-05-16,-0.371496326921472,-0.3707743953476126,13.0
2022-05-17,-0.2917522359458274,-0.14399045182778958,6.0
2022-05-18,-0.330958368310935,-0.47811025775740285,20.0
2022-05-19,-0.4131361779378038,-0.6173078242282188,20.0
2022-05-20,-0.4825550469801178,-0.35224705895473185,19.0
2022-05-23,-0.3791987463658338,-0.1680413559145507,13.0
2022-05-24,-0.11956004744911264,0.16160827252194465,13.0
2022-05-25,0.09042073109982136,0.27769527669207017,10.0
2022-05-26,0.11295764757137684,-0.10043060649988428,9.0
2022-05-27,0.012568483196084038,-0.13955922060393375,10.0
2022-05-31,-0.16738240288942427,-0.2621573815644548,7.0
2022-06-01,-0.10093143002757059,0.09892231208567684,7.0
2022-06-02,-0.09037246181556945,-0.10788231596793034,6.0
2022-06-03,0.0059892510530762865,0.026927757041482387,8.0
2022-06-06,-0.03646216387611169,-0.028431932701887083,7.0
2022-06-07,-0.17844340845981618,-0.5338260497190438,7.0
2022-06-08,-0.21763137850007996,-0.09063615307930893,8.0
2022-06-09,-0.21982358063571986,-0.03500853910880688,12.0
2022-06-10,-0.10985912070768948,-0.2039326699349526,9.0
2022-06-13,-0.22811840887151016,-0.4454140175707711,34.0
2022-06-14,-0.323520851924943,-0.3212158682691054,21.0
2022-06-15,-0.305576144954894,-0.15009854902480554,8.0
2022-06-16,-0.2616552059574589,-0.3136512005784656,10.0
2022-06-17,-0.2064145529642524,-0.155493909289486,11.0
2022-06-21,-0.16761821280231318,-0.03370952853898788,6.0
2022-06-22,-0.14640605559600986,-0.25001472895955573,6.0
2022-06-23,-0.16154549865155277,-0.20091223845611472,7.0
2022-06-24,-0.1470904565757297,0.009655597688481418,13.0
2022-06-27,-0.11262688232904612,-0.14662400621950505,10.0
2022-06-28,-0.1162972343440611,-0.21192329450115968,13.0
2022-06-29,-0.2501486150755426,-0.39189854450596306,12.0
2022-06-30,-0.38004682441854926,-0.536318634248525,18.0
2022-07-01,-0.436373265231427,-0.3809026169397932,12.0
2022-07-05,-0.24675956576240576,0.17694255390110078,11.0
2022-07-06,-0.04918918462594404,0.056392509160860346,6.0
2022-07-07,0.27694991131241586,0.5975146708752865,4.0
2022-07-08,0.17743709403352434,-0.1215958979355738,5.0
2022-07-11,0.14733550828440242,-0.03391224808650546,7.0
2022-07-12,-0.11858466515166884,-0.2002458494329272,3.0
2022-07-13,0.024131651431746337,0.30655305181467174,7.0
2022-07-14,-0.059417497269795026,-0.28455969419112953,6.0
2022-07-15,-0.21259531340114604,-0.6597792978269803,5.0
2022-07-18,-0.35073609683498114,-0.10786929848683356,11.0
2022-07-19,-0.3387942758601746,-0.2487342312667097,6.0
2022-07-20,-0.07417397464384472,0.13408160582200923,3.0
2022-07-21,-0.011947963765760294,0.07880873414741969,9.0
2022-07-22,0.11269215491523314,0.12518612477627056,7.0
2022-07-25,0.1626998997212521,0.28410484024006616,7.0
2022-07-26,0.14783295804116783,0.03420790910716685,2.0
2022-07-27,0.15826893063335892,0.15649404255284383,5.0
2022-07-28,0.1692933208627583,0.31717801092826436,4.0
2022-07-29,0.13396524179268826,-0.07177632810304331,6.0
2022-08-01,0.0413126997691461,-0.12146358351778264,11.0
2022-08-02,-0.11798118602996384,-0.16070364646906546,6.0
2022-08-03,-0.18831021410532398,-0.2827634123291237,6.0
2022-08-04,-0.22792010388578232,-0.2402932528591576,9.0
2022-08-05,-0.16749033111775102,0.020585671835028414,2.0
2022-08-08,-0.11711672390300298,-0.13164259068487963,9.0
2022-08-09,-0.028830638490812535,0.024565003377413727,2.0
2022-08-10,-0.06162082995627163,-0.07778490256134887,10.0
2022-08-11,-0.14070733878693145,-0.36890211717685906,6.0
2022-08-12,-0.06876480073284479,0.2403926175396737,10.0
2022-08-15,0.0432735948126571,0.2583302840751568,9.0
2022-08-16,0.13300849264596806,-0.09969742367692619,4.0
2022-08-17,-0.025025772690075415,-0.2337101784684567,9.0
2022-08-18,-0.20057406916987394,-0.26831460536423873,10.0
2022-08-19,-0.3132863872204405,-0.43783437782862594,6.0
2022-08-22,-0.310706033743668,-0.2259691180381392,8.0
2022-08-23,-0.3814486299215791,-0.4805423938979719,3.0
2022-08-24,-0.19874015922066,0.11029103427413119,5.0
2022-08-25,-0.05873005329688191,0.19406119973319502,3.0
2022-08-26,-0.05049613693343465,-0.45584064480763004,8.0
2022-08-29,-0.17980158937325683,-0.27762532304533527,8.0
2022-08-30,-0.2436626077612768,0.0024781445691350623,8.0
2022-08-31,-0.18123909415615594,-0.26857010399226755,14.0
2022-09-01,-0.1795225700782517,-0.27247575081162256,16.0
2022-09-02,-0.20914529988323496,-0.0863900448458147,8.0
2022-09-06,-0.1856340409265793,-0.19803632712230057,8.0
2022-09-07,-0.08776830030076033,0.02112147106583441,6.0
2022-09-08,-0.07021478692094889,-0.03372950470638037,6.0
2022-09-09,0.12716248851133932,0.39409549917456405,8.0
2022-09-12,0.07151067276272141,-0.14583397618001934,11.0
2022-09-13,-0.13283398984888906,-0.6467634925412118,14.0
2022-09-14,-0.3766469577580014,-0.33734340455277306,11.0
2022-09-15,-0.43850267961631745,-0.3314011417549674,10.0
2022-09-16,-0.3306346479724221,-0.32315939760952567,11.0
2022-09-19,-0.1842602516265114,0.10177978448495878,10.0
2022-09-20,-0.14731204448893853,-0.22055652034224862,7.0
2022-09-21,-0.049344390131435184,-0.02925643453701559,10.0
2022-09-22,-0.10132685342131485,-0.05416760538468021,7.0
2022-09-23,-0.1940397136405845,-0.4986951010000576,14.0
2022-09-26,-0.19758999142282593,-0.03990726788373983,11.0
2022-09-27,-0.36189188718240767,-0.5470732926634255,14.0
2022-09-28,-0.2570917845473651,-0.1842947930949297,7.0
2022-09-29,-0.4000288658538664,-0.46871851180324386,15.0
2022-09-30,-0.3126030227818517,-0.2847957634473815,15.0
2022-10-03,-0.24684775891064223,0.012970998518698849,14.0
2022-10-04,-0.14400957418584412,-0.16020395762884962,15.0
2022-10-05,-0.005766590029283508,0.12993318902230036,9.0
2022-10-06,0.07192674043233625,0.24605098990355814,5.0
2022-10-07,0.08228361589728454,-0.12913333123400475,9.0
2022-10-10,0.00980957592446259,-0.08748893089616551,5.0
2022-10-11,-0.2110997722660223,-0.4166770546678966,6.0
2022-10-12,-0.22381925381917558,-0.16729177589346464,13.0
2022-10-13,-0.18613882483499292,0.025552356056382508,12.0
2022-10-14,-0.03887757197546017,0.025106703910701727,13.0
2022-10-17,-0.003431955319856045,-0.060954925926652255,15.0
2022-10-18,0.01653806145289384,0.08546240637463216,10.0
2022-10-19,-0.021841389587518287,-0.09003164921053465,12.0
2022-10-20,0.04629771089578194,0.14346237552324842,5.0
2022-10-21,-0.0004596853510681065,-0.05480978236591798,12.0
2022-10-24,-0.07721524284817755,-0.32029832170186295,7.0
2022-10-25,0.006611760155615968,0.39494338453462896,9.0
2022-10-26,-0.11930263223717913,-0.4325529595443033,6.0
2022-10-27,-0.08140856253360086,-0.20661611259112816,7.0
2022-10-28,-0.18333193202017625,0.08917327607490279,10.0
2022-10-31,-0.031210230765586832,0.023812144219465002,9.0
2022-11-01,0.11915328603095073,0.2444744377984845,7.0
2022-11-02,0.09644984698149645,0.021062958926539956,7.0
2022-11-03,-0.05493734563325423,-0.430349433624787,9.0
2022-11-04,-0.1090539748004999,0.0821245502967475,6.0
2022-11-07,-0.21975766707954278,-0.3110481179105886,14.0
2022-11-08,-0.08234908986621645,-0.018123701984808078,8.0
2022-11-09,-0.14588393380026152,-0.10847998150538773,14.0
2022-11-10,-0.024966773148794242,0.05170336404381321,16.0
2022-11-11,0.017387487779480074,0.1089390808000149,6.0
2022-11-14,0.01608083224580741,-0.11239994810640572,8.0
2022-11-15,0.06263379500082389,0.19136225230886264,10.0
2022-11-16,0.04065755000620494,0.043010345816158056,7.0
2022-11-17,0.056718857400342625,-0.06421602592399268,6.0
2022-11-18,0.036777627129890335,0.13153856149750578,4.0
2022-11-21,-0.048230252072920025,-0.21201329179227302,12.0
2022-11-22,0.028207365168607796,0.16509682580059076,11.0
2022-11-23,-0.035020348381565286,-0.05814457915301347,10.0
2022-11-25,0.030116229144811865,-0.016603559213141557,5.0
2022-11-28,-0.006535594219629001,0.055141355707268164,11.0
2022-11-29,-0.07563608497871181,-0.2654460514302619,14.0
2022-11-30,-0.15483791579671174,-0.25420905166714136,14.0
2022-12-01,-0.21327867601096365,-0.12018092493548756,15.0
2022-12-02,-0.3569300244277149,-0.6964000966805154,6.0
2022-12-05,-0.31693233647619784,-0.13421598781259045,9.0
2022-12-06,-0.4365729077788001,-0.4791026388432942,9.0
2022-12-07,-0.3458529712755576,-0.424240287170788,7.0
2022-12-08,-0.38054103627275987,-0.23828018280419727,7.0
2022-12-09,-0.19929650189465664,0.06463096429101543,10.0
2022-12-12,0.003625916405768611,0.18452696773048777,13.0
2022-12-13,0.05313562805760876,-0.08975104784867681,19.0
2022-12-14,0.028736094436724313,-0.00856763657163792,9.0
2022-12-15,-0.13069630559016973,-0.2937702323501944,11.0
2022-12-16,-0.299288160592859,-0.5955266128567446,9.0
2022-12-19,-0.4230261644399387,-0.37978164811287707,14.0
2022-12-20,-0.2824557334171024,0.12794106071831457,11.0
2022-12-21,-0.10761263946254618,-0.07099733099307604,11.0
2022-12-22,-0.05284816726713167,-0.21548823152663354,10.0
2022-12-23,-0.2817049394229285,-0.558629255749076,9.0
2022-12-27,-0.37632357877065964,-0.3548532490362694,15.0
2022-12-28,-0.3504027108422269,-0.1377256277413352,17.0
2022-12-29,-0.11362895397399718,0.1516920148556131,12.0
2022-12-30,-0.17258514625932309,-0.5317218258922471,19.0
2023-01-03,-0.15691461902881262,-0.09071404604980382,19.0
2023-01-04,-0.27118186601511657,-0.19110972610329877,16.0
2023-01-05,-0.06126825149332595,0.09801901767312475,11.0
2023-01-06,0.008998457041628452,0.12008607955505937,19.0
2023-01-09,-0.09803296717809368,-0.5122039987624651,20.0
2023-01-10,-0.10015715776985713,0.09164644589783434,18.0
2023-01-11,-0.15307077798244453,-0.03865478108270277,11.0
2023-01-12,-0.018170675522277052,-0.10750369138196272,8.0
2023-01-13,-0.030339609385017802,0.055139644309612094,14.0
2023-01-17,-0.05906250957449068,-0.1248234816511214,15.0
2023-01-18,-0.25623355996532476,-0.699016842554465,6.0
2023-01-19,-0.3910275590339931,-0.34924235289639316,11.0
2023-01-20,-0.3539000402405488,-0.01344092527078827,13.0
2023-01-23,-0.13732178962872812,-0.04928209071900292,21.0
2023-01-24,-0.10376134635015184,-0.24856102306066438,25.0
2023-01-25,-0.19226270636412587,-0.2789450053127102,15.0
2023-01-26,-0.07074379103380087,0.315274655271972,16.0
2023-01-27,0.06547042069984159,0.160081612140263,16.0
2023-01-30,0.09771577462876452,-0.18220894352594147,13.0
2023-01-31,-0.003086718306739822,0.01286717646545905,16.0
2023-02-01,-0.0003388727817804453,0.16832514871514115,21.0
2023-02-02,0.15397889801933187,0.2807443688773955,17.0
2023-02-03,0.10200407750031935,-0.14305728509157856,10.0
2023-02-06,-0.011703676508444505,-0.17279811331115041,19.0
2023-02-07,-0.13637465679611416,-0.09326857198561342,15.0
2023-02-08,-0.14966000258259424,-0.1829133224510188,14.0
2023-02-09,-0.14915148607575504,-0.1712725637906329,13.0
2023-02-10,-0.2874786504676476,-0.508250065161291,7.0
2023-02-13,-0.22212960613805444,0.013133810537760644,19.0
2023-02-14,-0.2207008777040178,-0.16698637848852305,11.0
2023-02-15,0.021836762460847852,0.21936285533330596,15.0
2023-02-16,0.03193500286295913,0.04342853174409448,22.0
2023-02-17,-0.039082199942659414,-0.3800379869053787,17.0
2023-02-21,-0.3038615629532562,-0.5749752336984844,25.0
2023-02-22,-0.3378648220945674,-0.05858124567983905,20.0
2023-02-23,-0.2169021861070848,-0.017150078942931014,13.0
2023-02-24,-0.13936298327767419,-0.3423576252102525,20.0
2023-02-27,-0.07652895040319664,0.1299208529435935,12.0
2023-02-28,-0.13232300547996276,-0.1845322441732293,14.0
2023-03-01,-0.13925821309507766,-0.3631632480555972,21.0
2023-03-02,-0.14058619643880155,0.12593690291242174,17.0
2023-03-03,-0.131750176714984,-0.1580241850017766,18.0
2023-03-06,-0.006441534547302838,0.012762678447446307,28.0
2023-03-07,-0.1327285747136987,-0.2529242175867658,24.0
2023-03-08,-0.12695619150565393,-0.14070703537764231,14.0
2023-03-09,-0.1798830581193468,-0.14601792139363226,25.0
2023-03-10,-0.2908299639612472,-0.585764935112467,17.0
2023-03-13,-0.3602909314084681,-0.3490899377193048,21.0
2023-03-14,-0.36576678657485556,-0.16244548689279492,17.0
2023-03-15,-0.30129560528944205,-0.3923513912562265,24.0
2023-03-16,-0.21786773433929105,-0.09880632486885181,14.0
2023-03-17,-0.22376041971455393,-0.1801235430185835,23.0
2023-03-20,-0.11812931660435977,-0.07545808192564399,19.0
2023-03-21,-0.012859620803446168,0.21700276253388895,15.0
2023-03-22,-0.03590352562271246,-0.24925525747638233,23.0
2023-03-23,-0.04045019525366597,-0.08909809081850453,16.0
2023-03-24,-0.010921680326495284,0.305588307315401,13.0
2023-03-27,0.1443307924000319,0.21650216070319928,12.0
2023-03-28,0.08959102331888254,-0.2533173980619526,11.0
2023-03-29,0.018157453215922773,0.09128759700652168,17.0
2023-03-30,-0.01203612056775045,0.12592143935217961,18.0
2023-03-31,-0.0002359176183250785,-0.21791678921367647,26.0
2023-04-03,-0.0764021726315139,-0.1372111680330448,28.0
2023-04-04,-0.20213580745386872,-0.2512794651148848,23.0
2023-04-05,-0.2238648199474207,-0.2831038266943323,25.0
2023-04-06,-0.2361413856132534,-0.1740408650305429,19.0
2023-04-10,-0.2705005451156846,-0.3543569436221785,20.0
2023-04-11,-0.2153386384134088,-0.11761810658750489,15.0
2023-04-12,-0.17799124702567182,-0.06199869086733198,11.0
2023-04-13,-0.11964827155529754,-0.17932801721105565,17.0
2023-04-14,-0.16187466000202644,-0.2442972719276916,20.0
2023-04-17,-0.12780073086073934,0.0402230965565293,22.0
2023-04-18,-0.0795706973309587,-0.03463791662171369,23.0
2023-04-19,-0.02898297476335719,-0.09253410422488707,26.0
2023-04-20,-0.15207580269620266,-0.32905538724200706,10.0
2023-05-01,-0.11764367322813651,0.06865847178248469,21.0
2023-05-02,-0.16473089385815018,-0.23379576611492803,16.0
2023-05-03,-0.17645657215692165,-0.3642324221383215,16.0
2023-05-04,-0.30190776096212796,-0.3076950946331342,13.0
2023-05-05,-0.275775819218714,-0.15539994088468634,18.0
2023-05-08,-0.14654744904829878,0.023452688372924243,19.0
2023-05-09,-0.12876129684228946,-0.25433663801510625,18.0
2023-05-10,-0.07038624824802726,0.019725204898100257,16.0
2023-05-11,-0.15866362560287786,-0.2413794436916275,20.0
2023-05-12,-0.1535869899259342,-0.2391067309842753,24.0
2023-05-15,-0.16576706480779882,-0.016815019747493658,21.0
2023-05-16,-0.06373003216956023,0.06473165422308831,14.0
2023-05-17,0.055566709078234855,0.11878349275910995,19.0
2023-05-18,0.1111294373794341,0.14987316515610413,22.0
2023-05-19,0.07429291598882319,-0.04577790994874442,22.0
2023-05-22,0.008932089591679335,-0.07729898643232164,31.0
2023-05-23,-0.17835312178276755,-0.41198246896723656,16.0
2023-05-24,-0.22351347774079341,-0.18125897782282197,9.0
2023-05-25,-0.21317809807061358,-0.04629284742178205,16.0
2023-05-26,-0.104455822179863,-0.08581564129498498,17.0
2023-05-30,0.0064664316781485225,0.15150778375121265,26.0
2023-05-31,-0.09317737153749177,-0.3452242570687029,26.0
2023-06-01,-0.1254467818035694,-0.18262387209321798,19.0
2023-06-02,-0.15652693845623883,0.058267313793204455,27.0
2023-06-05,-0.14325561500174328,-0.30541028670521625,19.0
2023-06-06,-0.08675237279413368,-0.013114145470389233,11.0
2023-06-07,-0.25271767257166466,-0.43962858553938844,13.0
2023-06-08,-0.13042303441199626,0.0614736277737889,16.0
2023-06-09,-0.10099280757295252,0.075176535046742,16.0
2023-06-12,0.06512608848291826,0.05872810262822388,22.0
2023-06-13,0.09186202251777731,0.14168142987836602,24.0
2023-06-14,-0.04878266969635431,-0.34675754159565286,25.0
2023-06-15,-0.01764927582736478,0.15212828423519248,23.0
2023-06-16,-0.0731448000349414,-0.024805142744363864,34.0
2023-06-20,-0.060893561630947925,-0.3100038263836724,17.0
2023-06-21,-0.1435080363588183,-0.09571513994841861,25.0
2023-06-22,-0.15074865678390356,-0.04652700401961969,13.0
2023-06-23,-0.12270879313460437,-0.2258842354357748,23.0
2023-06-26,-0.18984580282620714,-0.29712616902322697,22.0
2023-06-27,-0.12356962987211027,0.15230151484267102,17.0
2023-06-28,-0.08873460401802129,-0.12137915787350788,22.0
2023-06-29,0.05223577721467432,0.12578497467485983,14.0
2023-06-30,0.1327632663085897,0.39388398212441716,20.0
2023-07-03,0.21884520779683414,0.13686666659122543,11.0
2023-07-05,0.134209408202956,-0.12812242410677457,26.0
2023-07-06,-0.04786563742873723,-0.15234115477066254,24.0
2023-07-07,-0.1676611246828137,-0.22251979517100398,23.0
2023-07-10,-0.10928277178267405,0.047012634593644395,17.0
2023-07-11,-0.07286972385346062,-0.043102010983022285,15.0
2023-07-12,0.07378391336756922,0.21744111649208553,16.0
2023-07-13,0.21252686852506816,0.4632415000661412,18.0
2023-07-14,0.15489686133449732,-0.21599203255473468,11.0
2023-07-17,0.15403417080706086,0.21485304490977605,35.0
2023-07-18,0.0680226649813799,0.20520698258909834,22.0
2023-07-19,0.09188265069121009,-0.14441207542524412,18.0
2023-07-20,-0.03938701303297318,-0.17895594626277375,27.0
2023-07-21,-0.20019621854313455,-0.2772206339413858,20.0
2023-07-24,-0.1702220036911337,-0.05448943086924151,27.0
2023-07-25,-0.13525340447085257,-0.07405014860193045,17.0
2023-07-26,-0.06518997665875752,-0.0670303505051006,21.0
2023-07-27,-0.09168332455545646,-0.13396947455933833,18.0
2023-07-28,-0.06612079628301411,0.0026374362153966067,22.0
2023-07-31,0.04924748295260636,0.27907448720176076,19.0
2023-08-01,0.06401063633077853,-0.08968001442482183,26.0
2023-08-02,-0.10785213480144921,-0.5129508771812866,22.0
2023-08-03,-0.38382522499819854,-0.5488447833884872,16.0
2023-08-04,-0.5120589090889524,-0.47438106669708324,20.0
2023-08-07,-0.373962513547579,-0.09866169055716663,25.0
2023-08-08,-0.2823684634955062,-0.27406263323226887,25.0
2023-08-09,-0.24566466343158844,-0.36426966650533,29.0
2023-08-10,-0.25272547534585826,-0.11984412629997619,16.0
2023-08-11,-0.28796211471419847,-0.3797725513372893,12.0
2023-08-14,-0.0773117525853582,0.2676814198811908,18.0
2023-08-15,-0.14420149999937917,-0.3205133685420391,19.0
2023-08-16,-0.08775500628857145,-0.21043307020486618,14.0
2023-08-17,-0.2658111509159787,-0.26648701400103086,14.0
2023-08-18,-0.2532817744192198,-0.2829252390517625,16.0
2023-08-21,-0.2152389960221651,-0.0963047350137021,28.0
2023-08-22,-0.2254484151382493,-0.29711527134928334,27.0
2023-08-23,-0.12777727371085115,0.010088185230431913,19.0
2023-08-24,-0.19426448815701539,-0.2957663783521948,26.0
2023-08-25,-0.07393022044713193,0.06388753178036703,22.0
2023-08-28,-0.02677360320880795,0.15155803694540387,21.0
2023-08-29,0.07789592717158715,0.018242212788990478,10.0
2023-08-30,0.04025959760761999,-0.049021456911534436,24.0
2023-08-31,0.029901932297603333,0.1204850410153539,17.0
2023-09-01,-0.04303530934829355,-0.20056951214870017,25.0
2023-09-05,-0.10792856678809049,-0.24370122923092524,27.0
2023-09-06,-0.2102969148702858,-0.18662000323123196,23.0
2023-09-07,-0.2910411080403888,-0.44280209165900924,20.0
2023-09-08,-0.36278828943906155,-0.4589427734269437,21.0
2023-09-11,-0.3185321916089917,-0.053851709741022345,16.0
2023-09-12,-0.25536042215904625,-0.2532867833091728,33.0
2023-09-13,-0.10897526185211433,-0.019787292506147927,22.0
2023-09-14,-0.08430847182043223,0.02014866035402397,18.0
2023-09-15,-0.040992085261110194,-0.12333762363120666,24.0
2023-09-18,-0.14112180886305592,-0.3201764633119851,14.0
2023-09-19,-0.26647479514793126,-0.3559102985006021,15.0
2023-09-20,-0.20699179772094944,0.055111368649738854,21.0
2023-09-21,-0.3179979223948279,-0.6531948373336204,13.0
2023-09-22,-0.3038609258711075,-0.3134993089294412,17.0
2023-09-25,-0.3231244418922649,-0.002679179413733236,15.0
2023-09-26,-0.32147732405099,-0.6482534838097956,5.0
2023-09-27,-0.2813462961603649,-0.19310622525756593,14.0
2023-09-28,-0.36286677906108206,-0.24724062811588468,13.0
2023-09-29,-0.22247348211996162,-0.22707359298643434,31.0
2023-10-02,-0.1332965027180112,0.07442471294828532,24.0
2023-10-03,-0.18313105394059723,-0.39674428178364274,29.0
2023-10-04,-0.14579040425308865,-0.11505164392390867,18.0
2023-10-05,-0.32171973212713595,-0.45336327067385657,12.0
2023-10-06,-0.22208915734683266,-0.09785255744273284,21.0
2023-10-09,-0.2624845913176728,-0.2362379458364291,21.0
2023-10-10,-0.15158657453177207,-0.12066922031615439,20.0
2023-10-11,-0.14680117740149906,-0.08349636605191382,24.0
2023-10-12,-0.14346636018364142,-0.2262334941828562,15.0
2023-10-13,-0.11314277757991409,-0.029698472504972366,22.0
2023-10-16,-0.0630816755281807,0.06668694010328637,33.0
2023-10-17,-0.08579098635171285,-0.2943614266534527,21.0
2023-10-18,-0.1535539965324062,-0.23298750304705237,23.0
2023-10-19,-0.2377593583318465,-0.18592914529503451,23.0
2023-10-20,-0.39069111352583513,-0.7531566922354186,28.0
2023-10-23,-0.45098107883780836,-0.413857398982972,18.0
2023-10-24,-0.49626710088121834,-0.32178721142526434,16.0
2023-10-25,-0.36560465959721694,-0.36116936838341446,14.0
2023-10-26,-0.43755272473419565,-0.6297015943939079,19.0
2023-10-27,-0.5160088918988917,-0.5571557129193525,21.0
2023-10-30,-0.4219866899678806,-0.07910276259038135,34.0
2023-10-31,-0.2984091011451155,-0.2589688279256125,20.0
2023-11-01,-0.1823494110299648,-0.20897664257390056,21.0
2023-11-02,-0.18009955982138912,-0.07235320896465432,17.0
2023-11-03,-0.0744586414051117,0.057953927323219766,13.0
2023-11-06,-0.03234358334631838,-0.08263146839752059,25.0
2023-11-07,0.01563066725559885,0.07156954284109737,24.0
2023-11-08,0.01928113006874389,0.06890531576265489,24.0
2023-11-09,-0.023151818062895152,-0.2099303127924377,19.0
2023-11-10,0.012206026059131245,0.17764307520717657,15.0
2023-11-13,-0.05769487852754929,-0.1407973979973867,23.0
2023-11-14,0.0292249848788998,0.05082927742690953,21.0
2023-11-15,0.048130499313380204,0.2343596185106178,18.0
2023-11-16,0.07884785815070286,-0.04864532148541872,19.0
2023-11-17,0.041429099551743814,-0.06142699836996766,21.0
2023-11-20,0.0032403516847516883,0.11979337490964144,26.0
2023-11-21,-0.013726979751968245,-0.09954731579557852,27.0
2023-11-22,0.06812015647103953,0.18411441029905568,38.0
2023-11-24,-0.0709163805002903,-0.29731623600434803,16.0
2023-11-27,-0.03149502851689379,0.01871674015461097,22.0
2023-11-28,-0.20524595956929695,-0.3371383828581538,14.0
2023-11-29,-0.18818396190344924,-0.24613024300680492,15.0
2023-11-30,-0.15709917390325934,0.11197110415518072,15.0
2023-12-01,-0.03027080180558328,0.04334673343487431,20.0
2023-12-04,0.018146777188781788,-0.1008775060237097,30.0
2023-12-05,-0.13687094879438624,-0.35308207379432344,27.0
2023-12-06,-0.1850104911399455,-0.10107189360180346,18.0
2023-12-07,-0.15844845093886564,-0.02119138542047006,25.0
2023-12-08,0.021657985336733066,0.18723723503247267,20.0
2023-12-11,0.12789599635522544,0.21764213945367364,39.0
2023-12-12,0.22254688438258993,0.2627612786616234,17.0
2023-12-13,0.2388416610981056,0.23612156517901972,23.0
2023-12-14,0.2028442558438989,0.10964992369105356,18.0
2023-12-15,0.13802090348293772,0.0682912215787398,20.0
2023-12-18,0.12986152555844366,0.21164343140553757,21.0
2023-12-19,0.14518747151907677,0.1556277615729529,16.0
2023-12-20,-0.08151743702613291,-0.6118235040568892,16.0
2023-12-21,-0.1916700313717198,-0.11881435163122314,24.0
2023-12-22,-0.29175370908857695,-0.14462327157761848,16.0
2023-12-26,-0.01193288466862726,0.22763896920295978,21.0
2023-12-27,0.11882884976213215,0.27347085166105506,20.0
2023-12-28,0.27801446963838844,0.3329335880511506,22.0
2023-12-29,0.15135227825744887,-0.15234760493985902,25.0
2024-01-02,0.033555751476136854,-0.07991872868288107,24.0
2024-01-03,-0.18570310903776163,-0.32484299349054485,17.0
2024-01-04,-0.13762668927375993,-0.008118345647853886,18.0
2024-01-05,-0.22236099937987416,-0.3341216590012238,18.0
2024-01-08,-0.023584768998739996,0.2714856976528577,28.0
2024-01-09,-0.06307722000209545,-0.12659569865792025,19.0
2024-01-10,0.0418613175438606,-0.019306046363355665,23.0
2024-01-11,-0.11333228019794588,-0.1940950955725617,20.0
2024-01-12,-0.19759790518444897,-0.37939257361742956,16.0
2024-01-16,-0.19735087126340653,-0.0185649446002283,12.0
2024-01-17,-0.18981874458547654,-0.17149871553877177,5.0
2024-01-18,-0.1126664933178274,-0.14793581981448214,8.0
2024-01-19,-0.012953300959825498,0.2805746324737774,48.0
2024-01-22,0.15485217562854228,0.33191771422633154,31.0
2024-01-23,0.20531055276298382,0.003439311588842469,11.0
2024-01-24,0.1629623973386779,0.15353016620085957,15.0
2024-01-25,0.09615457184713339,0.13149423775169797,14.0
2024-01-26,-0.005016723456607826,-0.3000745743223811,17.0
2024-01-29,-0.1399268989365866,-0.25120036023907677,9.0
2024-01-30,-0.2379193414711822,-0.1624830898520888,12.0
2024-01-31,-0.22880084644914614,-0.2727190892562729,18.0
2024-02-01,-0.07864878725501806,0.19925581734330744,11.0
2024-02-02,0.048884088427747614,0.22011553719620822,13.0
2024-02-05,0.15023471799591928,0.0313327994482421,5.0
2024-02-06,0.08336900760109552,-0.0013413138411638428,8.0
2024-02-07,0.004730381935227168,-0.015800339801396834,9.0
2024-02-08,-0.0388126608280378,-0.0992963288415528,27.0
2024-02-09,0.056554292756256896,0.28475954691172023,34.0
2024-02-12,0.0744693560424766,0.0379448500572623,24.0
2024-02-13,0.00579229250682789,-0.30532751944849895,15.0
2024-02-14,-0.0542678043707982,0.10457925627884197,16.0
2024-02-15,-0.09707888405423175,-0.09048838899303834,28.0
2024-02-16,-0.05117172373055746,-0.1676060384774761,29.0
2024-02-20,-0.06638994040294104,0.058924606261691236,25.0
2024-02-21,-0.0162420791409295,0.059955194792996276,11.0
2024-02-22,0.19357944160286622,0.46185852375391107,26.0
2024-02-23,0.3318631890628802,0.4737758486417332,23.0
2024-02-26,0.32091225552692415,0.027102394185128133,17.0
2024-02-27,0.14185895833408052,-0.07530136782461992,21.0
2024-02-28,-0.053248923920986325,-0.11154779812346731,19.0
2024-02-29,-0.0400882784326218,0.06658433065022172,22.0
2024-03-01,0.10161049719480487,0.3497949590576601,30.0
2024-03-04,0.07654654810987424,-0.18673964537825924,31.0
2024-03-05,-0.033284877569643274,-0.2629099463883308,28.0
2024-03-06,-0.2610312317651794,-0.33344410352894827,30.0
2024-03-07,-0.3466516495238237,-0.4436008986541923,25.0
2024-03-08,-0.232701816039843,0.07893955406361144,19.0
2024-03-09,-0.17068957893885997,-0.14740739222599927,13.0
2024-03-10,-0.10800153349331204,-0.2555367623175484,10.0
2024-03-11,-0.18805990454749152,-0.16123555909892692,17.0
2024-03-12,-0.2147786871397124,-0.227563740002662,24.0
2024-03-13,-0.17262792584015976,-0.12908447841889054,19.0
2024-03-14,-0.1726896110893743,-0.1614206148465705,25.0
2024-03-15,-0.18472466295750348,-0.26366889560704954,19.0
2024-03-16,-0.16299303827748224,-0.06388960437882676,13.0
2024-03-17,-0.1926265657543503,-0.25032119727717467,7.0
2024-03-18,-0.12556289840495127,-0.062477893558852485,14.0
2024-03-19,-0.0786457542918469,0.07686182796048635,15.0
2024-03-20,-0.09477906043256522,-0.29872111569932963,20.0
2024-03-21,-0.12584146117662384,-0.15566509579102836,23.0
2024-03-22,-0.18738857757940305,-0.10777952124785128,20.0
2024-03-23,-0.08624408123385234,0.004712373337322529,10.0
2024-03-24,-0.18419596045077932,-0.4495207334418093,13.0
2024-03-25,-0.0954656104948431,0.1584115286199573,24.0
2024-03-26,-0.17220616004237912,-0.22550927530528544,9.0
2024-03-27,-0.025148548210011733,-0.008347897944707174,12.0
2024-03-28,-0.09315828160371004,-0.04561767156113761,24.0
2024-03-29,0.022657143957603154,0.12193700137865413,14.0
2024-03-30,0.04044038805991625,0.04500183436223214,10.0
2024-03-31,0.07063699745989661,0.04497215663880344,9.0
2024-04-01,0.02290905736312485,-0.021246818911661147,19.0
2024-04-02,-0.05599004492836784,-0.19169547251224592,16.0
2024-04-03,-0.04021150821026196,0.09230776679312107,14.0
2024-04-04,-0.12047810454246273,-0.2620466079082635,19.0
2024-04-05,-0.11110661112173992,-0.1635809922500775,14.0
2024-04-06,-0.1930052974848492,-0.15338829229620674,8.0
2024-04-07,-0.11737949864069587,-0.035169211375803526,12.0
2024-04-08,-0.0899574016811111,-0.08131470137132323,11.0
2024-04-09,-0.06669000534650203,-0.08358610329237948,19.0
2024-04-10,0.004632185029900482,0.178797359753404,12.0
2024-04-11,-0.11365645976695145,-0.43618063576187904,13.0
2024-04-12,-0.15916874675450643,-0.22012296425504438,17.0
2024-04-13,-0.3955609923362629,-0.5303793769918655,9.0
2024-04-14,-0.38659923648803335,-0.4092953682171905,17.0
2024-04-15,-0.3928766514687796,-0.23895520919728275,21.0
2024-04-16,-0.24864195959506963,-0.09767530137073573,21.0
2024-04-17,-0.0644843008258537,0.14317760809045726,17.0
2024-04-18,-0.06915241492533904,-0.2529595514957388,23.0
2024-04-19,-0.062382035040438044,-0.07736416171603275,26.0
2024-04-20,-0.08373548283489012,0.07911726470710108,10.0
2024-04-21,-0.021895446935994503,-0.06743944379905197,10.0
2024-04-22,-0.02639190163832747,-0.09085352582303165,27.0
2024-04-23,-0.1104219795041191,-0.17297296889027383,13.0
2024-04-24,-0.1404809875227265,-0.15761646785487413,16.0
2024-04-25,-0.17260895679904698,-0.18723743365199302,24.0
2024-04-26,-0.2017707625802866,-0.26045838623399276,13.0
2024-04-27,-0.31328860020211596,-0.4921699807203623,13.0
2024-04-28,-0.3564178591172186,-0.31662521039730085,10.0
2024-04-29,-0.3642144322987136,-0.28384810577847774,20.0
2024-04-30,-0.2985246485058532,-0.29510062934178116,28.0
2024-05-01,-0.27143567160624565,-0.23535827969847833,21.0
2024-05-02,-0.23394671054264116,-0.17138122258766408,15.0
2024-05-03,-0.18636573181903918,-0.15235769317097525,15.0
2024-05-04,-0.15499035091981847,-0.1412321370008162,10.0
2024-05-05,-0.16170148650794283,-0.19151462935203714,7.0
2024-05-06,-0.21841226757137253,-0.3224900363612643,22.0
2024-05-07,-0.2268135916366242,-0.16643610919657137,20.0
2024-05-08,-0.10752954386341995,0.1663375139675757,10.0
2024-05-09,-0.004364781441714893,-0.012995749096149128,15.0
2024-05-10,0.03472118301209559,-0.04917821583513993,18.0
2024-05-11,-0.034559163244368606,-0.04150352480181687,7.0
2024-05-12,-0.057949331076426525,-0.08316625259232288,12.0
2024-05-13,-0.06639108324090669,-0.07450347232858044,15.0
2024-05-14,0.023987773816760243,0.22963304637118392,11.0
2024-05-15,0.013079143365380847,-0.11589214394646107,12.0
2024-05-16,0.0661838441894743,0.08481063014369992,17.0
2024-05-17,-0.010591200376854045,-0.0006920873278011216,18.0
2024-05-18,-0.12330461892332234,-0.45403239958586594,11.0
2024-05-19,-0.061932185169978636,0.26892793140373106,8.0
2024-05-20,-0.06436008891444177,-0.00797579856119057,16.0
2024-05-21,0.056198276254066794,-0.0923573040803402,13.0
2024-05-22,-0.018841943619908968,0.04380727178180375,12.0
2024-05-23,-0.10622136580386056,-0.27011406511304537,15.0
2024-05-24,-0.16153078276773697,-0.2582855549719694,13.0
2024-05-25,-0.1586003503831009,0.052598568935711874,7.0
2024-05-26,-0.0010074720020904944,0.20266457002998595,10.0
2024-05-27,0.11579176642881421,0.09211216032074462,15.0
2024-05-28,0.036211509205210324,-0.1861422027350997,25.0
2024-05-29,-0.08015208987250584,-0.14642622720316253,18.0
2024-05-30,-0.12429934836042332,-0.040329615143007744,13.0
2024-05-31,-0.14026375511441413,-0.2340354229970722,24.0
2024-06-01,-0.12830295410692463,-0.11054382418069403,10.0
2024-06-02,-0.0711745890173781,0.13105548012563187,10.0
2024-06-03,0.04297277170527316,0.10840665917088159,12.0
2024-06-04,0.029732561856693634,-0.15026445372643263,16.0
2024-06-05,0.02591531770369698,0.1196037476666419,12.0
2024-06-06,-0.2109399375544265,-0.6021591066034888,7.0
2024-06-07,-0.24080537923319356,-0.23986077876273385,14.0
2024-06-08,-0.3386950180430148,-0.17406516876282163,6.0
2024-06-09,-0.31370923682011426,-0.5272017629347875,12.0
2024-06-10,-0.3158935723599646,-0.24641378538228484,16.0
2024-06-11,-0.28986904054005685,-0.09599157330309831,16.0
2024-06-12,-0.21828560695752067,-0.31245146218717895,21.0
2024-06-13,-0.2593119263138583,-0.36949274345129773,28.0
2024-06-14,-0.32860078224760964,-0.30385814110435244,19.0
2024-06-15,-0.39550947180990303,-0.5131775308740592,9.0
2024-06-16,-0.3239870188268245,-0.1549253845020622,17.0
2024-06-17,-0.28515627794663506,-0.1873659184637841,18.0
2024-06-18,-0.059969492710931736,0.16238282483305086,14.0
2024-06-19,-0.1843153691625212,-0.5279630138568305,19.0
2024-06-20,-0.17445749403158603,-0.1577922930709786,18.0
2024-06-21,-0.35062771553352085,-0.3661278396727535,15.0
2024-06-22,-0.2816270695663515,-0.3209610759553225,15.0
2024-06-23,-0.344938771098991,-0.34772739766889715,16.0
2024-06-24,-0.26245742956502244,-0.11868381507084778,22.0
2024-06-25,-0.21232690548739566,-0.17056950372244223,18.0
2024-06-26,-0.10116663339729608,-0.014246581398598305,19.0
2024-06-27,-0.15135463006483044,-0.26924780507345086,13.0
2024-06-28,-0.21879578856034398,-0.37289297920898284,16.0
2024-06-29,-0.27831563832805895,-0.19280613070174335,7.0
2024-06-30,-0.23374255481836637,-0.13552855454437301,12.0
2024-07-01,-0.1636941758331315,-0.1627478422532783,20.0
2024-07-02,-0.10466561595735367,-0.01572045107440982,21.0
2024-07-03,-0.06799361069389655,-0.02551253875400165,18.0
2024-07-04,-0.023749599476924874,-0.030015808602363272,12.0
2024-07-05,-0.015064167185031887,0.010335845801269146,13.0
2024-07-06,-0.07664379504284811,-0.21025142232745034,6.0
2024-07-07,-0.22467600553021017,-0.47411244006444947,14.0
2024-07-08,-0.2542103201199718,-0.07826709796801572,16.0
2024-07-09,-0.19836845210440143,-0.042725818280739215,13.0
2024-07-10,0.03798996129531304,0.23496280013469395,14.0
2024-07-11,0.007534768988060103,-0.16963267488977452,12.0
2024-07-12,-0.031921691510799766,-0.16109519977731884,19.0
2024-07-13,-0.17909164186789872,-0.20654705093660292,10.0
2024-07-14,-0.16565586515154532,-0.12932534474071436,11.0
2024-07-15,-0.12894807761892182,-0.0509718371794483,23.0
2024-07-16,-0.14973802575369796,-0.2689168953409314,24.0
2024-07-17,-0.22716237055845956,-0.3615983791549992,22.0
2024-07-18,-0.27235554270813267,-0.1865513536284676,22.0
2024-07-19,-0.32045310830974943,-0.4132095921457817,23.0
2024-07-20,-0.4095618542022277,-0.6289246168324337,10.0
2024-07-21,-0.4993289860488823,-0.45585274916843155,19.0
2024-07-22,-0.40083265330942724,-0.11772059392741668,20.0
2024-07-23,-0.2951886405075612,-0.31199257842683553,9.0
2024-07-24,-0.19132854835856514,-0.14427247272144328,17.0
2024-07-25,-0.2617253754476865,-0.3289110751947808,12.0
2024-07-26,-0.18873707762497002,-0.09302768495868607,22.0
2024-07-27,-0.1716767056787909,-0.09309135688290592,8.0
2024-07-28,-0.10095534177964122,-0.11674698349733179,7.0
2024-07-29,-0.18637754711687604,-0.3492943009703906,19.0
2024-07-30,-0.23885155176799602,-0.2505133708362659,5.0
2024-07-31,-0.18880933686485632,0.033379661212087436,18.0
2024-08-01,-0.11428568651045752,-0.1257233499071942,19.0
2024-08-02,-0.03303920091420995,-0.006773914047523202,19.0
2024-08-03,-0.07653880415813542,-0.097119148519689,13.0
2024-08-04,-0.13455444080977516,-0.2997702598621134,11.0
2024-08-05,-0.2578783755101535,-0.37674571814865826,25.0
2024-08-06,-0.2608254444168456,-0.1059603552397652,19.0
2024-08-07,-0.18076657487916312,-0.059593651249066,17.0
2024-08-08,-0.03990293133047825,0.04584521249739633,15.0
2024-08-09,-0.03834526600032386,-0.10128735924930203,15.0
2024-08-10,-0.07521126719932417,-0.1701916548460669,11.0
2024-08-11,-0.04811207484704747,0.12714278955422642,9.0
2024-08-12,0.004218062306966343,0.055703052212739405,23.0
2024-08-13,0.01569042003801723,-0.13577458165291426,26.0
2024-08-14,-0.1342398777575886,-0.32264810383259107,12.0
2024-08-15,-0.2327513089747094,-0.2398312414386229,19.0
2024-08-16,-0.2585203242349727,-0.21308162743370412,15.0
2024-08-17,-0.11909429251593247,0.09562999132452941,10.0
2024-08-18,-0.0688707172163133,-0.08916051553976535,10.0
2024-08-19,-0.1149101736654452,-0.3511999967810998,20.0
2024-08-20,-0.15054559079877802,-0.011276260075469046,13.0
2024-08-21,-0.2853634035657311,-0.4936139538406246,18.0
2024-08-22,-0.23382812403636757,-0.1965941581930092,29.0
2024-08-23,-0.3319543525774548,-0.30565494569873075,27.0
2024-08-24,-0.23708860234861182,-0.2090167031540956,16.0
2024-08-25,-0.2144236279928113,-0.12859923512560767,11.0
2024-08-26,-0.23893385876241827,-0.3791856380075517,26.0
2024-08-27,-0.27467973987601624,-0.3162543464948895,13.0
2024-08-28,-0.39746408832638913,-0.4969522804767263,23.0
2024-08-29,-0.32439154504248946,-0.15996800815585271,24.0
2024-08-30,-0.34412877498528355,-0.37546603632327186,18.0
2024-08-31,-0.19515266395880979,-0.05002394739730489,8.0
2024-09-01,-0.08575455228496039,0.1682263268656955,11.0
2024-09-02,-0.05894050866285211,-0.295023905456947,24.0
2024-09-03,-0.17245562594711025,-0.3905692992500793,19.0
2024-09-04,-0.30423239822940035,-0.2271039899811748,17.0
2024-09-05,-0.20878807628454962,-0.00869093962239481,12.0
2024-09-06,-0.1688621195702733,-0.2707914291072504,15.0
2024-09-07,-0.20435227356012042,-0.3335744519507161,10.0
2024-09-08,-0.14172069878260807,0.17920378471014212,10.0
2024-09-09,-0.05694897683583141,-0.016476263266920352,19.0
2024-09-10,0.021263910187928035,-0.09893579087943777,18.0
2024-09-11,-0.14109054141815636,-0.30785957010811105,12.0
2024-09-12,-0.14458661994774225,-0.026964498855678014,16.0
2024-09-13,-0.13651741845912427,-0.07472818641358385,19.0
2024-09-14,-0.09133789308246389,-0.17232099397812992,9.0
2024-09-15,-0.12330724564213562,-0.12287255653469319,11.0
2024-09-16,-0.09362604044519623,0.01431542917723431,19.0
2024-09-17,-0.07499747210248704,-0.1164352889500024,19.0
2024-09-18,-0.07364279666458239,-0.11880853022097916,7.0
2024-09-19,-0.10603774025131983,-0.08286940158297805,16.0
2024-09-20,-0.040554251027281066,0.0800151787221139,15.0
2024-09-21,-0.038487184504315645,-0.1126073306520829,11.0
2024-09-22,-0.004658809201562505,0.018615724325281365,7.0
2024-09-23,-0.04543245812384835,-0.04230576804474361,17.0
2024-09-24,-0.08205974071404681,-0.2224891784226783,20.0
2024-09-25,-0.17041172494345633,-0.2464402283629472,17.0
2024-09-26,-0.15749040328129701,-0.003541803058265617,13.0
2024-09-27,-0.19152069003565694,-0.3245800386857581,23.0
2024-09-28,-0.18822331524755642,-0.2365481039986457,5.0
2024-09-29,-0.27748607011516113,-0.2713300676610797,15.0
2024-09-30,-0.2723736565321901,-0.3092427979368449,22.0
2024-10-01,-0.3283855399429758,-0.40458375423100296,36.0
2024-10-02,-0.26873999419943234,-0.09239343043044929,19.0
2024-10-03,-0.21786304194094583,-0.1566119411613853,33.0
2024-10-04,-0.10549241087199007,-0.06747186102413574,35.0
2024-10-05,-0.1041668059023748,-0.08841661552160346,8.0
2024-10-06,-0.09574217092759917,-0.1313380362370584,12.0
2024-10-07,-0.10762941707604053,-0.10313359946945985,21.0
2024-10-08,-0.14299285518744606,-0.19450692985582,15.0
2024-10-09,-0.1489738757527532,-0.1492810979329799,18.0
2024-10-10,-0.05953490771427886,0.16518330464596317,20.0
2024-10-11,-0.14588401654670824,-0.4535542563531081,20.0
2024-10-12,-0.19540081110899674,-0.2978314816198453,7.0
2024-10-13,-0.2861296492914261,-0.10700320990132499,11.0
2024-10-14,-0.16034444796139954,-0.07619865236302836,12.0
2024-10-15,-0.1645048866682791,-0.310312797740484,20.0
2024-10-16,-0.23933638792433273,-0.3314977136694859,15.0
2024-10-17,-0.34072020769304623,-0.3803501116691688,16.0
2024-10-18,-0.4124055262394037,-0.5253687533795564,14.0
2024-10-19,-0.3008418650268542,0.0031932699681624954,12.0
2024-10-20,-0.20419836241407152,-0.09041960383082066,12.0
2024-10-21,-0.11452161089584816,-0.2563384988248863,13.0
2024-10-22,-0.08231663763846558,0.09980818974031021,13.0
2024-10-23,-0.07308960825122847,-0.06273851566910933,29.0
2024-10-24,-0.01834319309427715,-0.09209925335403232,19.0
2024-10-25,-0.10074995475595844,-0.14741209524473364,15.0
2024-10-26,-0.0921762548710716,-0.03701741601444883,14.0
2024-10-27,-0.15832091253321476,-0.2905332263404618,6.0
2024-10-28,-0.09751937417328542,0.03499251983505442,18.0
2024-10-29,-0.1951793208461237,-0.3299972560329637,20.0
2024-10-30,-0.11432873911300057,-0.04798148114109238,15.0
2024-10-31,-0.11215275210092622,0.04152048087127748,19.0
2024-11-01,0.018193649428604998,0.06104194855562995,14.0
2024-11-02,-0.008942234339377261,-0.12938913244503916,12.0
2024-11-03,-0.10313193674704657,-0.2410486263517304,12.0
2024-11-04,-0.19826442045854883,-0.22435550257887682,21.0
2024-11-05,-0.1432057455246418,0.03578689235668193,13.0
2024-11-06,-0.03948096160217518,0.0701257254156694,12.0
2024-11-07,-0.009802121687138851,-0.13531898283376784,9.0
2024-11-08,0.011072139484471527,0.09840967587151306,12.0
2024-11-09,-0.13085194343422435,-0.3556465233404182,10.0
2024-11-10,-0.01663393187292005,0.20733505185014497,6.0
2024-11-11,-0.09525972757590047,-0.13746771123742815,16.0
2024-11-12,-0.14637078093393216,-0.5089796834145133,21.0
2024-11-13,-0.24635921531494206,-0.09263025129288471,8.0
2024-11-14,-0.25219571055892126,-0.1549771969693659,16.0
2024-11-15,-0.1499663419567374,-0.20229157760796151,12.0
2024-11-16,-0.2714593633442712,-0.4571093154554861,10.0
2024-11-17,-0.19547209408363175,0.07298461081255246,8.0
2024-11-18,-0.2246883595048046,-0.28994037387148014,24.0
2024-11-19,-0.1714295687107187,-0.29733294307322844,15.0
2024-11-20,-0.17325365295741324,0.06751235807246887,12.0
2024-11-21,-0.10848935385235177,-0.09564747655629574,16.0
2024-11-22,0.025526821264764188,0.10471558227811943,15.0
2024-11-23,0.040377311793368974,0.11206382965828324,7.0
2024-11-24,0.10538575888302319,0.09937786471266692,13.0
2024-11-25,0.002228679043902291,-0.2047556572392433,22.0
2024-11-26,-0.02815302052787448,0.02091873094295292,12.0
2024-11-27,-0.08296546661433257,-0.06505947354670735,20.0
2024-11-28,-0.016306505382877357,-0.004778773544877649,7.0
2024-11-29,-0.026380022727181124,-0.009301821089958391,14.0
2024-11-30,-0.15583092941295437,-0.4534121936040271,6.0
2024-12-01,-0.1727781505732805,-0.055620437025856055,10.0
2024-12-02,-0.2562361304636586,-0.25967576076109256,11.0
2024-12-03,-0.08164942777707265,0.07034791445573066,15.0
2024-12-04,-0.09862394472235785,-0.10654398786171165,15.0
2024-12-05,-0.018556499642585326,-0.01947342552177498,14.0
2024-12-06,-0.05365090459023852,-0.03493530038722892,17.0
2024-12-07,-0.0369763813387407,-0.05652041810721821,11.0
2024-12-08,-0.11322746711585163,-0.24822668285310776,8.0
2024-12-09,-0.1757212807892413,-0.22241674140739784,15.0
2024-12-10,-0.23278795872139404,-0.22772045190367657,9.0
2024-12-11,-0.1566403375268961,-0.019783819269613926,18.0
2024-12-12,-0.09850254540418128,-0.048003365039253315,21.0
2024-12-13,-0.052634494040481206,-0.09011629781257639,11.0
2024-12-14,-0.1403820923447339,-0.283026614182372,11.0
2024-12-15,-0.16492534569852602,-0.12163312510062961,9.0
2024-12-16,-0.12485861559503846,0.030083892497886275,20.0
2024-12-17,-0.0037258319858173294,0.08037173664529135,13.0
2024-12-18,-0.0009212873749274292,-0.11321949126795991,12.0
2024-12-19,-0.056328391644724675,-0.13613742031150547,16.0
2024-12-20,-0.08099691900914252,0.006366154552037808,13.0
2024-12-21,-0.1719066617941366,-0.3859487196229422,9.0
2024-12-22,-0.2904843883155579,-0.49187059987576937,39.0
2024-12-23,-0.3686103323530004,-0.22801167756028964,22.0
2024-12-24,-0.26830996327097073,-0.08504761237685327,17.0
2024-12-25,-0.1301599086298206,-0.07742043595231891,9.0
2024-12-26,-0.1284772575109201,-0.2229637242035882,12.0
2024-12-27,-0.19729879335581124,-0.2915122199115266,10.0
2024-12-28,-0.16622847948551833,0.01579050565855969,8.0
2024-12-29,-0.2093421535203562,-0.35230474630810166,17.0
2024-12-30,-0.13189626857180933,-0.059174565065886066,11.0
2024-12-31,-0.17591102824866142,-0.11625377337199647,15.0
